KundeNr,Alter,Einkommen,Geschlecht,Zeit,Preis,Niederlassung
K0001,68,89437.0,1.0,62.0,114481.9,Sachsen
K0002,58,65271.0,1.0,44.0,106258.99,Nordrhein-Westfalen
K0003,44,48195.0,1.0,29.0,85705.57,Hessen
K0004,37,48957.0,0.0,36.0,76412.36,Bayern
K0005,50,56621.0,0.0,40.0,92898.67,Bayern
K0006,68,93315.0,1.0,69.0,141822.38,Baden-Württemberg
K0007,48,44481.0,1.0,30.0,63604.43,Nordrhein-Westfalen
K0008,52,60315.0,1.0,40.0,106359.99,Berlin
K0009,40,50085.0,0.0,42.0,68956.52,Bayern
K0010,40,43750.0,1.0,28.0,67687.0,Berlin
K0011,53,30821.0,1.0,26.0,58450.55,Nordrhein-Westfalen
K0012,65,73235.0,0.0,40.0,115599.05,Baden-Württemberg
K0013,69,89082.0,1.0,66.0,124730.66,Nordrhein-Westfalen
K0014,53,70398.0,0.0,48.0,102062.3,Sachsen
K0015,32,43022.0,1.0,36.0,50811.55,Sachsen
K0016,51,47883.0,1.0,45.0,90273.18,Berlin
K0017,31,42377.0,1.0,31.0,69094.76,Bayern
K0018,53,55741.0,0.0,41.0,83296.61,Berlin
K0019,59,72303.0,0.0,44.0,101687.09,Bayern
K0020,67,78468.0,0.0,47.0,123598.99,Baden-Württemberg
K0021,31,27501.0,1.0,22.0,39695.86,Hessen
K0022,50,49026.0,0.0,36.0,79076.93,Berlin
K0023,62,75575.0,1.0,50.0,124516.56,Nordrhein-Westfalen
K0024,41,46542.0,,40.0,63477.0,Baden-Württemberg
K0025,51,50677.0,0.0,34.0,83785.2,Niedersachsen
K0026,54,53037.0,1.0,44.0,88479.15,Nordrhein-Westfalen
K0027,56,61920.0,1.0,49.0,94455.39,Nordrhein-Westfalen
K0028,57,83306.0,1.0,53.0,112854.14,Sachsen
K0029,45,47574.0,1.0,33.0,87328.47,Nordrhein-Westfalen
K0030,44,52043.0,1.0,42.0,72895.13,Sachsen
K0031,32,40277.0,1.0,34.0,42093.26,Bayern
K0032,66,63799.0,1.0,48.0,109159.01,Brandenburg
K0033,36,24397.0,0.0,38.0,32833.88,Baden-Württemberg
K0034,50,47571.0,0.0,39.0,83365.24,Baden-Württemberg
K0035,38,48364.0,1.0,35.0,85707.42,Bayern
K0036,68,79182.0,1.0,48.0,125939.52,Baden-Württemberg
K0037,47,63067.0,1.0,41.0,102867.75,Bayern
K0038,33,41309.0,1.0,25.0,82824.09,Baden-Württemberg
K0039,120,61857.0,1.0,52.0,104214.07,Baden-Württemberg
K0040,43,44559.0,1.0,22.0,74144.49,Sachsen
K0041,38,55278.0,1.0,46.0,95883.59,Baden-Württemberg
K0042,55,54161.0,1.0,36.0,104859.86,Nordrhein-Westfalen
K0043,31,26047.0,1.0,24.0,63491.25,Baden-Württemberg
K0044,49,63769.0,1.0,41.0,88665.28,Sachsen
K0045,57,51842.0,0.0,51.0,70527.14,Sachsen
K0046,36,69703.0,0.0,50.0,86119.52,Niedersachsen
K0047,37,45467.0,1.0,43.0,75752.08,Niedersachsen
K0048,64,77668.0,0.0,63.0,116246.65,Baden-Württemberg
K0049,43,42342.0,1.0,37.0,66374.97,Thüringen
K0050,46,50946.0,0.0,32.0,83406.88,Nordrhein-Westfalen
K0051,65,70352.0,0.0,49.0,92584.18,Sachsen
K0052,69,73444.0,1.0,47.0,115561.62,Niedersachsen
K0053,33,47124.0,1.0,35.0,79603.78,Bayern
K0054,31,33214.0,1.0,31.0,58416.51,Sachsen
K0055,35,53464.0,1.0,41.0,82821.95,Bayern
K0056,33,69142.0,1.0,52.0,107174.44,Hessen
K0057,58,64180.0,1.0,51.0,98148.01,Baden-Württemberg
K0058,47,57101.0,1.0,43.0,79106.97,Sachsen
K0059,55,68245.0,0.0,52.0,112358.24,Baden-Württemberg
K0060,63,92456.0,0.0,57.0,141292.39,Bayern
K0061,39,45873.0,1.0,47.0,75731.69,Hessen
K0062,65,65989.0,1.0,44.0,102710.38,Nordrhein-Westfalen
K0063,43,37376.0,1.0,42.0,63383.29,Hessen
K0064,60,68926.0,1.0,39.0,91715.99,Bayern
K0065,44,47332.0,0.0,36.0,84281.71,Baden-Württemberg
K0066,37,66398.0,1.0,46.0,101131.52,Nordrhein-Westfalen
K0067,43,70304.0,1.0,52.0,83886.2,Thüringen
K0068,52,49657.0,1.0,46.0,89589.3,Nordrhein-Westfalen
K0069,69,71612.0,1.0,42.0,116360.51,Berlin
K0070,50,59505.0,0.0,37.0,78150.23,Sachsen
K0071,45,68432.0,0.0,39.0,82849.76,Berlin
K0072,47,56068.0,1.0,52.0,88529.55,Hamburg
K0073,53,54940.0,1.0,45.0,82628.47,Berlin
K0074,55,63491.0,1.0,39.0,115135.5,Berlin
K0075,54,56229.0,0.0,40.0,97038.57,Nordrhein-Westfalen
K0076,70,86939.0,0.0,67.0,132147.29,Hamburg
K0077,58,59695.0,1.0,43.0,99547.37,Bayern
K0078,44,46659.0,1.0,36.0,87048.58,Bayern
K0079,30,49606.0,0.0,34.0,76579.11,Baden-Württemberg
K0080,54,54712.0,1.0,35.0,92084.38,Hessen
K0081,36,27831.0,0.0,37.0,38628.85,Bayern
K0082,38,46715.0,1.0,50.0,101650.7,Baden-Württemberg
K0083,53,58050.0,1.0,37.0,78625.3,Niedersachsen
K0084,30,42551.0,1.0,46.0,58706.65,Niedersachsen
K0085,37,48042.0,1.0,36.0,54313.59,Nordrhein-Westfalen
K0086,53,61613.0,1.0,50.0,99068.03,Brandenburg
K0087,40,47192.0,0.0,48.0,72220.0,Sachsen
K0088,46,46384.0,1.0,37.0,82034.0,Sachsen
K0089,37,45503.0,1.0,35.0,50836.91,Nordrhein-Westfalen
K0090,64,83452.0,,62.0,133180.7,Niedersachsen
K0091,64,63338.0,1.0,39.0,92846.99,Bayern
K0092,62,71666.0,1.0,59.0,107104.52,Thüringen
K0093,34,52606.0,1.0,42.0,83864.29,Bayern
K0094,68,83716.0,0.0,53.0,125611.48,Bayern
K0095,70,94606.0,1.0,58.0,139830.32,Berlin
K0096,57,60138.0,1.0,35.0,102300.93,Baden-Württemberg
K0097,36,23660.0,1.0,23.0,49960.18,Thüringen
K0098,38,47861.0,0.0,37.0,66834.88,Hessen
K0099,37,48532.0,0.0,32.0,68786.85,Hessen
K0100,41,63780.0,0.0,47.0,90449.48,Niedersachsen
K0101,63,85695.0,1.0,61.0,114451.46,Brandenburg
K0102,62,77546.0,1.0,52.0,124857.23,Baden-Württemberg
K0103,52,69175.0,1.0,54.0,103778.57,Hessen
K0104,53,59879.0,1.0,39.0,92542.02,Niedersachsen
K0105,66,62843.0,1.0,53.0,113812.63,Berlin
K0106,64,75171.0,1.0,53.0,112055.97,Nordrhein-Westfalen
K0107,69,89976.0,1.0,71.0,129284.1,Bayern
K0108,51,66908.0,1.0,65.0,93021.39,Bayern
K0109,56,74257.0,0.0,49.0,110427.22,Baden-Württemberg
K0110,64,69256.0,1.0,47.0,110341.3,Berlin
K0111,30,34125.0,1.0,30.0,46414.4,Nordrhein-Westfalen
K0112,64,79138.0,0.0,59.0,114319.8,Nordrhein-Westfalen
K0113,66,70138.0,1.0,59.0,102407.29,Berlin
K0114,43,45517.0,0.0,33.0,63320.19,Hessen
K0115,32,42406.0,1.0,39.0,45125.2,Nordrhein-Westfalen
K0116,30,45256.0,1.0,37.0,62326.68,Bayern
K0117,34,39181.0,0.0,39.0,41898.43,Baden-Württemberg
K0118,55,51515.0,0.0,51.0,78247.78,Thüringen
K0119,43,43130.0,0.0,35.0,61803.14,Hessen
K0120,68,80444.0,1.0,44.0,131551.59,Thüringen
K0121,56,67292.0,1.0,54.0,90615.29,Bayern
K0122,38,48301.0,1.0,33.0,64230.98,Niedersachsen
K0123,44,57848.0,1.0,43.0,81081.18,Bayern
K0124,44,52258.0,0.0,47.0,72060.58,Bayern
K0125,55,67004.0,1.0,51.0,114150.05,Hamburg
K0126,42,49536.0,0.0,39.0,62506.44,Bayern
K0127,61,83098.0,1.0,53.0,116002.86,Baden-Württemberg
K0128,68,93769.0,1.0,42.0,137923.28,Bayern
K0129,61,57745.0,1.0,49.0,102766.17,Baden-Württemberg
K0130,33,37491.0,0.0,32.0,53138.58,Niedersachsen
K0131,59,68825.0,0.0,60.0,83303.72,Brandenburg
K0132,66,73170.0,0.0,54.0,109500.77,Baden-Württemberg
K0133,52,80319.0,0.0,51.0,124885.27,Baden-Württemberg
K0134,68,80664.0,0.0,63.0,122681.63,Baden-Württemberg
K0135,44,43460.0,0.0,45.0,71339.81,Hessen
K0136,58,73853.0,1.0,50.0,97928.13,Baden-Württemberg
K0137,65,77918.0,1.0,62.0,104728.1,Nordrhein-Westfalen
K0138,42,53324.0,1.0,38.0,79456.84,Baden-Württemberg
K0139,61,90246.0,0.0,61.0,111436.45,Bayern
K0140,36,47319.0,0.0,43.0,76696.47,Sachsen
K0141,51,56496.0,1.0,49.0,78599.02,Niedersachsen
K0142,57,45095.0,0.0,42.0,77157.15,Baden-Württemberg
K0143,31,36296.0,0.0,31.0,35482.61,Nordrhein-Westfalen
K0144,35,56593.0,1.0,51.0,74955.3,Brandenburg
K0145,57,65311.0,1.0,47.0,87351.94,Nordrhein-Westfalen
K0146,57,42006.0,0.0,32.0,50508.57,Hessen
K0147,49,52215.0,1.0,37.0,87326.82,Niedersachsen
K0148,59,79235.0,0.0,68.0,130383.85,Thüringen
K0149,40,53774.0,1.0,37.0,90227.44,Bayern
K0150,57,57191.0,0.0,53.0,96831.38,Hessen
K0151,54,56914.0,0.0,36.0,83783.08,Berlin
K0152,68,73781.0,0.0,55.0,120941.76,Baden-Württemberg
K0153,62,64538.0,1.0,49.0,113786.43,Baden-Württemberg
K0154,30,14993.0,0.0,34.0,33678.17,Baden-Württemberg
K0155,56,73496.0,0.0,47.0,94040.73,Niedersachsen
K0156,42,63657.0,1.0,40.0,84814.32,Hessen
K0157,70,63937.0,0.0,46.0,121009.5,Hessen
K0158,32,52664.0,1.0,53.0,72598.33,Baden-Württemberg
K0159,68,77118.0,1.0,47.0,83418.33,Berlin
K0160,35,55716.0,1.0,25.0,63069.62,Sachsen
K0161,37,45011.0,1.0,38.0,63758.96,Berlin
K0162,56,66685.0,1.0,55.0,110938.59,Hessen
K0163,38,49724.0,0.0,33.0,69448.24,Nordrhein-Westfalen
K0164,66,67497.0,1.0,55.0,117195.91,Nordrhein-Westfalen
K0165,62,84681.0,0.0,50.0,115423.31,Hamburg
K0166,53,49798.0,,39.0,61329.51,Nordrhein-Westfalen
K0167,44,47834.0,1.0,44.0,69642.73,Berlin
K0168,61,76325.0,1.0,45.0,116425.9,Sachsen
K0169,61,65117.0,0.0,49.0,102799.87,Bayern
K0170,53,70392.0,1.0,59.0,89785.65,Bayern
K0171,70,95326.0,1.0,66.0,133593.66,Baden-Württemberg
K0172,41,59921.0,0.0,40.0,111734.31,Nordrhein-Westfalen
K0173,68,57238.0,1.0,54.0,84306.46,Berlin
K0174,31,39454.0,1.0,39.0,65981.74,Bayern
K0175,32,50330.0,1.0,27.0,49540.28,Bayern
K0176,66,61785.0,0.0,52.0,108131.17,Sachsen
K0177,46,62212.0,1.0,42.0,81404.44,Nordrhein-Westfalen
K0178,31,45328.0,0.0,39.0,68156.01,Hessen
K0179,31,24944.0,1.0,35.0,31094.22,Hessen
K0180,57,75347.0,0.0,49.0,111539.65,Berlin
K0181,52,63832.0,0.0,35.0,84810.82,Berlin
K0182,66,83118.0,0.0,67.0,113976.31,Sachsen
K0183,61,60160.0,1.0,53.0,100767.22,Baden-Württemberg
K0184,62,73353.0,0.0,51.0,104733.83,Berlin
K0185,30,18515.0,1.0,30.0,41027.79,Bayern
K0186,48,31841.0,1.0,28.0,58334.15,Brandenburg
K0187,31,39617.0,1.0,35.0,60089.79,Berlin
K0188,55,76066.0,0.0,52.0,112809.53,Hamburg
K0189,61,73383.0,0.0,49.0,105062.59,Baden-Württemberg
K0190,35,41741.0,0.0,38.0,52271.78,Hamburg
K0191,61,68606.0,1.0,41.0,99514.15,Bayern
K0192,33,30037.0,1.0,28.0,62787.47,Baden-Württemberg
K0193,40,45448.0,0.0,40.0,70066.79,Baden-Württemberg
K0194,46,58938.0,1.0,57.0,78516.69,Nordrhein-Westfalen
K0195,67,72430.0,1.0,43.0,116130.92,Berlin
K0196,53,70100.0,1.0,54.0,107089.66,Hessen
K0197,34,43470.0,1.0,41.0,70250.0,Nordrhein-Westfalen
K0198,63,76247.0,1.0,40.0,103879.52,Niedersachsen
K0199,35,52067.0,1.0,44.0,67345.58,Berlin
K0200,51,54077.0,1.0,48.0,77842.13,Berlin
K0201,40,55005.0,1.0,47.0,76273.78,Berlin
K0202,45,49088.0,0.0,39.0,80749.79,Niedersachsen
K0203,62,75407.0,1.0,55.0,115505.36,Brandenburg
K0204,38,38681.0,1.0,36.0,65930.74,Nordrhein-Westfalen
K0205,35,32553.0,0.0,19.0,66814.09,Nordrhein-Westfalen
K0206,45,54276.0,1.0,43.0,88859.4,Baden-Württemberg
K0207,58,46940.0,0.0,36.0,78383.96,Baden-Württemberg
K0208,32,35961.0,0.0,28.0,42830.37,Niedersachsen
K0209,49,40198.0,1.0,52.0,62115.3,Bayern
K0210,65,83431.0,1.0,65.0,119640.51,Baden-Württemberg
K0211,48,67923.0,0.0,41.0,104683.62,Sachsen
K0212,55,54760.0,0.0,45.0,86038.6,Bayern
K0213,32,43819.0,1.0,47.0,57548.45,Sachsen
K0214,48,66286.0,1.0,38.0,88275.44,Niedersachsen
K0215,49,67407.0,1.0,49.0,96728.92,Nordrhein-Westfalen
K0216,61,72965.0,0.0,52.0,117298.71,Bayern
K0217,36,51478.0,1.0,32.0,90484.89,Bayern
K0218,70,73363.0,0.0,54.0,111223.31,Hamburg
K0219,62,72626.0,1.0,59.0,109158.35,Baden-Württemberg
K0220,69,74254.0,1.0,63.0,102553.46,Bayern
K0221,68,70277.0,1.0,48.0,130143.33,Bayern
K0222,47,55841.0,1.0,60.0,70169.26,Baden-Württemberg
K0223,69,83089.0,1.0,42.0,136022.46,Bayern
K0224,30,49623.0,1.0,42.0,65451.53,Nordrhein-Westfalen
K0225,40,50730.0,1.0,30.0,69432.02,Baden-Württemberg
K0226,57,73261.0,0.0,52.0,95081.32,Baden-Württemberg
K0227,54,70130.0,1.0,46.0,127478.45,Hessen
K0228,52,90021.0,1.0,64.0,124563.89,Thüringen
K0229,60,49925.0,0.0,39.0,84170.57,Bayern
K0230,59,61009.0,0.0,40.0,103904.6,Baden-Württemberg
K0231,64,89881.0,0.0,55.0,120551.98,Hessen
K0232,36,39697.0,0.0,48.0,60883.05,Sachsen
K0233,45,62886.0,1.0,50.0,91266.15,Nordrhein-Westfalen
K0234,55,66624.0,1.0,36.0,94540.15,Hessen
K0235,31,60920.0,0.0,49.0,92362.74,Bayern
K0236,30,24933.0,0.0,26.0,40285.18,Hamburg
K0237,41,62190.0,1.0,46.0,72016.19,Baden-Württemberg
K0238,34,60319.0,0.0,51.0,77978.88,Niedersachsen
K0239,66,65063.0,1.0,56.0,106463.24,Nordrhein-Westfalen
K0240,61,79130.0,1.0,49.0,106664.4,Thüringen
K0241,38,35214.0,1.0,32.0,50205.8,Bayern
K0242,70,80732.0,1.0,52.0,116569.27,Baden-Württemberg
K0243,64,71112.0,1.0,55.0,121577.09,Hamburg
K0244,48,30477.0,1.0,29.0,53902.36,Niedersachsen
K0245,45,57880.0,0.0,44.0,98898.93,Nordrhein-Westfalen
K0246,32,40729.0,1.0,33.0,54787.08,Baden-Württemberg
K0247,49,73660.0,1.0,51.0,107200.27,Bayern
K0248,53,68587.0,0.0,61.0,94955.06,Hamburg
K0249,62,96569.0,0.0,80.0,140745.65,Bayern
K0250,53,63121.0,0.0,49.0,82460.27,Nordrhein-Westfalen
K0251,40,46710.0,0.0,38.0,77768.25,Berlin
K0252,37,42600.0,0.0,25.0,65540.55,Nordrhein-Westfalen
K0253,65,70212.0,1.0,45.0,102160.74,Hessen
K0254,67,53207.0,1.0,41.0,90531.33,Nordrhein-Westfalen
K0255,69,76932.0,1.0,48.0,133380.54,Bayern
K0256,49,35194.0,1.0,28.0,65668.36,Nordrhein-Westfalen
K0257,64,78797.0,1.0,65.0,109839.35,Bayern
K0258,54,49596.0,0.0,40.0,68169.84,Hamburg
K0259,64,64196.0,1.0,48.0,107141.39,Bayern
K0260,54,55785.0,1.0,38.0,90085.01,Berlin
K0261,58,65162.0,1.0,56.0,106934.76,Bayern
K0262,47,55524.0,0.0,41.0,67983.37,Bayern
K0263,47,67211.0,1.0,45.0,84216.96,Thüringen
K0264,31,31826.0,0.0,20.0,61856.99,Baden-Württemberg
K0265,64,79102.0,1.0,54.0,120716.52,Nordrhein-Westfalen
K0266,45,82896.0,1.0,53.0,116749.66,Thüringen
K0267,70,84497.0,1.0,69.0,116193.41,Baden-Württemberg
K0268,65,73022.0,0.0,64.0,100337.77,Niedersachsen
K0269,62,63275.0,1.0,38.0,110109.58,Bayern
K0270,33,38152.0,0.0,26.0,68310.6,Baden-Württemberg
K0271,62,62114.0,1.0,44.0,87670.86,Berlin
K0272,43,54023.0,1.0,36.0,67446.84,Sachsen
K0273,50,59828.0,0.0,46.0,87813.11,Baden-Württemberg
K0274,49,34170.0,0.0,30.0,53806.21,Hessen
K0275,37,44398.0,0.0,39.0,57851.21,Brandenburg
K0276,36,55185.0,0.0,50.0,64034.01,Nordrhein-Westfalen
K0277,32,34846.0,0.0,25.0,48990.25,Baden-Württemberg
K0278,46,47284.0,0.0,46.0,62114.5,Niedersachsen
K0279,62,56784.0,0.0,38.0,80874.62,Niedersachsen
K0280,41,28790.0,0.0,44.0,55293.51,Niedersachsen
K0281,51,68806.0,0.0,61.0,98128.97,Sachsen
K0282,51,57821.0,1.0,43.0,93565.3,Nordrhein-Westfalen
K0283,59,76842.0,0.0,47.0,94309.74,Baden-Württemberg
K0284,67,93757.0,1.0,54.0,134096.72,Berlin
K0285,67,87141.0,0.0,65.0,147149.94,Berlin
K0286,37,38717.0,0.0,34.0,56575.12,Bayern
K0287,56,66786.0,1.0,55.0,108886.48,Berlin
K0288,56,58547.0,0.0,60.0,99077.0,Berlin
K0289,63,65128.0,1.0,42.0,111253.56,Berlin
K0290,50,62422.0,1.0,38.0,94530.65,Thüringen
K0291,59,59443.0,0.0,46.0,99016.21,Baden-Württemberg
K0292,62,47766.0,1.0,47.0,91150.03,Sachsen
K0293,57,56668.0,0.0,37.0,95820.3,Brandenburg
K0294,62,68397.0,0.0,49.0,92611.11,Hessen
K0295,34,57844.0,1.0,54.0,62302.49,Nordrhein-Westfalen
K0296,48,51210.0,1.0,29.0,64363.81,Bayern
K0297,33,45811.0,1.0,40.0,64066.66,Berlin
K0298,64,72069.0,1.0,47.0,116154.84,Berlin
K0299,46,67665.0,0.0,50.0,83620.57,Berlin
K0300,57,78848.0,1.0,59.0,122846.97,Sachsen
K0301,59,81225.0,1.0,57.0,111772.36,Nordrhein-Westfalen
K0302,58,48580.0,1.0,32.0,77722.17,Baden-Württemberg
K0303,35,44671.0,1.0,34.0,58157.49,Baden-Württemberg
K0304,64,82125.0,0.0,66.0,99958.46,Berlin
K0305,70,84543.0,1.0,60.0,128417.08,Baden-Württemberg
K0306,66,82969.0,0.0,62.0,138621.96,Hessen
K0307,53,62592.0,1.0,48.0,93932.46,Baden-Württemberg
K0308,58,59308.0,0.0,50.0,73667.3,Hamburg
K0309,60,51150.0,1.0,38.0,94420.15,Baden-Württemberg
K0310,64,66894.0,1.0,43.0,88160.31,Bayern
K0311,62,100769.0,0.0,71.0,125018.41,Niedersachsen
K0312,50,53438.0,1.0,50.0,81140.06,Brandenburg
K0313,61,49390.0,0.0,33.0,85180.08,Thüringen
K0314,52,68820.0,0.0,45.0,88926.82,Nordrhein-Westfalen
K0315,62,81002.0,1.0,54.0,115409.9,Bayern
K0316,32,53135.0,1.0,53.0,81152.36,Baden-Württemberg
K0317,47,60557.0,0.0,49.0,96808.99,Nordrhein-Westfalen
K0318,54,72215.0,1.0,42.0,117790.98,Sachsen
K0319,60,89512.0,1.0,59.0,145466.52,Nordrhein-Westfalen
K0320,32,31090.0,1.0,29.0,59413.64,Baden-Württemberg
K0321,69,69084.0,1.0,41.0,107414.81,Thüringen
K0322,53,50089.0,1.0,39.0,90472.38,Bayern
K0323,61,67757.0,0.0,47.0,107610.75,Nordrhein-Westfalen
K0324,51,75335.0,0.0,50.0,110590.22,Sachsen
K0325,52,66602.0,,45.0,98756.07,Bayern
K0326,31,43389.0,0.0,47.0,52734.87,Sachsen
K0327,56,45484.0,1.0,35.0,68018.6,Bayern
K0328,31,30572.0,0.0,31.0,47857.93,Thüringen
K0329,55,44222.0,1.0,37.0,78218.77,Bayern
K0330,46,67067.0,1.0,45.0,88579.71,Thüringen
K0331,69,96516.0,1.0,64.0,142208.17,Baden-Württemberg
K0332,62,80179.0,1.0,56.0,138650.02,Niedersachsen
K0333,38,34983.0,0.0,33.0,39236.62,Hamburg
K0334,68,94307.0,0.0,56.0,139799.0,Berlin
K0335,58,64638.0,1.0,46.0,98621.47,Bayern
K0336,55,50959.0,1.0,46.0,88240.21,Niedersachsen
K0337,64,63436.0,0.0,45.0,95562.13,Baden-Württemberg
K0338,54,58380.0,1.0,45.0,89265.3,Hessen
K0339,53,62497.0,1.0,47.0,95797.57,Bayern
K0340,42,48275.0,1.0,42.0,70990.88,Thüringen
K0341,36,28194.0,0.0,33.0,33483.78,Baden-Württemberg
K0342,65,88138.0,0.0,58.0,123538.59,Baden-Württemberg
K0343,49,55986.0,1.0,37.0,71207.17,Bayern
K0344,30,29264.0,1.0,21.0,54886.03,Berlin
K0345,37,56641.0,0.0,50.0,59783.06,Bayern
K0346,45,40446.0,0.0,41.0,76851.18,Brandenburg
K0347,43,33444.0,1.0,36.0,63707.22,Nordrhein-Westfalen
K0348,41,62740.0,0.0,52.0,91641.0,Niedersachsen
K0349,52,81387.0,1.0,55.0,91299.91,Hessen
K0350,44,47183.0,1.0,34.0,70636.85,Baden-Württemberg
K0351,57,65801.0,0.0,41.0,110519.86,Niedersachsen
K0352,63,60374.0,1.0,38.0,92221.35,Baden-Württemberg
K0353,31,38149.0,1.0,43.0,46875.9,Nordrhein-Westfalen
K0354,61,65481.0,1.0,44.0,95229.38,Bayern
K0355,52,59767.0,1.0,52.0,90442.28,Berlin
K0356,51,64228.0,0.0,46.0,85280.73,Bayern
K0357,54,51135.0,1.0,36.0,95898.4,Nordrhein-Westfalen
K0358,51,55866.0,0.0,35.0,84704.04,Baden-Württemberg
K0359,51,40228.0,1.0,31.0,64816.33,Hessen
K0360,35,38580.0,1.0,44.0,47131.37,Baden-Württemberg
K0361,44,51181.0,1.0,33.0,83060.06,Niedersachsen
K0362,66,78548.0,0.0,69.0,121289.35,Sachsen
K0363,62,74323.0,1.0,46.0,103270.9,Berlin
K0364,37,54403.0,0.0,47.0,53690.36,Brandenburg
K0365,34,24647.0,1.0,26.0,49746.45,Sachsen
K0366,68,62116.0,0.0,44.0,98786.45,Hamburg
K0367,33,45996.0,1.0,29.0,70449.86,Brandenburg
K0368,35,20317.0,0.0,24.0,60372.24,Hessen
K0369,61,72628.0,0.0,43.0,107586.29,Niedersachsen
K0370,59,55669.0,0.0,31.0,84097.56,Baden-Württemberg
K0371,64,90952.0,0.0,61.0,116583.47,Nordrhein-Westfalen
K0372,69,82036.0,0.0,52.0,118543.95,Berlin
K0373,45,50903.0,1.0,52.0,79988.48,Baden-Württemberg
K0374,42,63339.0,1.0,54.0,90132.53,Nordrhein-Westfalen
K0375,59,56937.0,1.0,55.0,109491.66,Berlin
K0376,48,47062.0,0.0,34.0,79825.38,Baden-Württemberg
K0377,46,40684.0,1.0,36.0,66968.71,Niedersachsen
K0378,48,47153.0,0.0,20.0,67603.44,Sachsen
K0379,57,66962.0,1.0,47.0,103890.1,Sachsen
K0380,55,69487.0,1.0,50.0,93455.52,Thüringen
K0381,66,86491.0,1.0,59.0,127825.69,Nordrhein-Westfalen
K0382,55,44341.0,0.0,37.0,80565.16,Baden-Württemberg
K0383,52,59011.0,1.0,45.0,88150.0,Berlin
K0384,38,33666.0,1.0,13.0,50494.07,Nordrhein-Westfalen
K0385,41,46713.0,1.0,40.0,49617.32,Bayern
K0386,30,62318.0,1.0,50.0,93943.58,Hessen
K0387,30,40170.0,1.0,44.0,63566.56,Hessen
K0388,63,82564.0,1.0,59.0,124742.75,Bayern
K0389,61,91903.0,0.0,60.0,111764.41,Sachsen
K0390,54,75271.0,1.0,60.0,122250.09,Brandenburg
K0391,69,74462.0,1.0,36.0,110415.92,Berlin
K0392,30,23168.0,1.0,23.0,38984.74,Thüringen
K0393,45,52953.0,1.0,36.0,69536.92,Brandenburg
K0394,68,72078.0,1.0,51.0,93935.85,Baden-Württemberg
K0395,34,24811.0,1.0,12.0,57541.73,Hamburg
K0396,51,62402.0,1.0,55.0,106473.29,Nordrhein-Westfalen
K0397,58,70268.0,1.0,48.0,103403.43,Nordrhein-Westfalen
K0398,32,58361.0,0.0,46.0,71055.84,Nordrhein-Westfalen
K0399,41,45016.0,0.0,39.0,65106.71,Niedersachsen
K0400,55,67168.0,0.0,57.0,95526.72,Bayern
K0401,45,46062.0,1.0,25.0,61105.39,Nordrhein-Westfalen
K0402,66,85534.0,1.0,59.0,122017.62,Sachsen
K0403,51,58438.0,1.0,52.0,90811.71,Baden-Württemberg
K0404,58,54668.0,1.0,42.0,99426.78,Baden-Württemberg
K0405,43,50963.0,0.0,34.0,76275.31,Thüringen
K0406,57,70535.0,1.0,46.0,88743.79,Nordrhein-Westfalen
K0407,34,44113.0,1.0,34.0,69211.99,Sachsen
K0408,59,79812.0,1.0,50.0,112833.38,Sachsen
K0409,34,25640.0,0.0,27.0,59338.04,Hamburg
K0410,41,39800.0,1.0,45.0,79421.65,Niedersachsen
K0411,45,60218.0,1.0,41.0,102902.04,Hamburg
K0412,55,56264.0,1.0,40.0,83364.29,Baden-Württemberg
K0413,55,66738.0,1.0,52.0,120215.5,Nordrhein-Westfalen
K0414,50,32462.0,1.0,30.0,65554.28,Brandenburg
K0415,68,107689.0,1.0,60.0,165482.31,Niedersachsen
K0416,65,72055.0,1.0,51.0,105462.29,Brandenburg
K0417,62,84673.0,1.0,57.0,118973.65,Brandenburg
K0418,59,64816.0,1.0,54.0,102801.02,Baden-Württemberg
K0419,66,80562.0,1.0,48.0,121433.27,Bayern
K0420,52,77055.0,1.0,60.0,121764.28,Baden-Württemberg
K0421,39,59413.0,0.0,44.0,80369.74,Baden-Württemberg
K0422,34,39127.0,0.0,27.0,71127.46,Thüringen
K0423,65,73513.0,1.0,43.0,119578.06,Baden-Württemberg
K0424,63,83693.0,1.0,70.0,119357.7,Bayern
K0425,60,94859.0,1.0,61.0,138156.74,Hessen
K0426,39,48855.0,1.0,46.0,68265.8,Hessen
K0427,48,77759.0,0.0,42.0,130352.49,Baden-Württemberg
K0428,61,68022.0,1.0,67.0,77134.04,Nordrhein-Westfalen
K0429,30,47328.0,0.0,45.0,72459.7,Nordrhein-Westfalen
K0430,34,53286.0,1.0,40.0,57023.34,Bayern
K0431,33,35813.0,1.0,31.0,54223.32,Bayern
K0432,45,45178.0,0.0,43.0,70342.95,Sachsen
K0433,53,74381.0,0.0,57.0,120881.72,Nordrhein-Westfalen
K0434,45,47515.0,0.0,40.0,66554.21,Niedersachsen
K0435,31,28390.0,0.0,29.0,59963.88,Baden-Württemberg
K0436,57,58882.0,1.0,48.0,80802.02,Berlin
K0437,61,64831.0,0.0,35.0,113585.7,Hessen
K0438,56,74505.0,1.0,50.0,103566.8,Baden-Württemberg
K0439,49,63205.0,0.0,35.0,92627.74,Berlin
K0440,53,69721.0,1.0,54.0,98479.34,Hessen
K0441,41,53509.0,0.0,37.0,90805.35,Bayern
K0442,64,67455.0,1.0,38.0,116446.72,Nordrhein-Westfalen
K0443,62,79285.0,1.0,49.0,121004.55,Nordrhein-Westfalen
K0444,62,84548.0,1.0,58.0,110128.73,Bayern
K0445,66,82404.0,0.0,55.0,113241.16,Nordrhein-Westfalen
K0446,41,53816.0,1.0,34.0,68749.31,Baden-Württemberg
K0447,32,30856.0,1.0,18.0,27934.83,Nordrhein-Westfalen
K0448,30,39302.0,1.0,35.0,71437.17,Baden-Württemberg
K0449,62,62829.0,1.0,42.0,96175.78,Baden-Württemberg
K0450,69,79059.0,0.0,53.0,115211.31,Niedersachsen
K0451,39,28981.0,1.0,28.0,67912.67,Berlin
K0452,58,49680.0,0.0,43.0,77792.44,Sachsen
K0453,42,47953.0,1.0,45.0,65155.0,Bayern
K0454,41,42992.0,1.0,38.0,65811.72,Bayern
K0455,60,70713.0,0.0,48.0,93794.62,Brandenburg
K0456,31,36628.0,0.0,33.0,58605.27,Berlin
K0457,64,74222.0,1.0,50.0,108488.51,Bayern
K0458,52,67475.0,1.0,37.0,93897.2,Niedersachsen
K0459,46,49340.0,0.0,47.0,69960.66,Nordrhein-Westfalen
K0460,55,61750.0,1.0,52.0,93666.44,Nordrhein-Westfalen
K0461,37,60379.0,0.0,59.0,83542.5,Thüringen
K0462,58,67418.0,0.0,65.0,95613.26,Bayern
K0463,55,62186.0,0.0,38.0,90301.78,Niedersachsen
K0464,39,47664.0,1.0,36.0,71040.72,Berlin
K0465,55,62380.0,0.0,64.0,92302.99,Niedersachsen
K0466,63,65114.0,1.0,47.0,102718.58,Berlin
K0467,70,69581.0,1.0,51.0,103751.58,Thüringen
K0468,36,35235.0,1.0,22.0,67764.25,Nordrhein-Westfalen
K0469,33,49726.0,1.0,41.0,71847.89,Thüringen
K0470,40,41023.0,0.0,49.0,59175.54,Nordrhein-Westfalen
K0471,58,65705.0,0.0,57.0,102678.3,Sachsen
K0472,65,82579.0,0.0,52.0,119442.59,Nordrhein-Westfalen
K0473,54,60025.0,1.0,42.0,74740.62,Berlin
K0474,50,65573.0,1.0,40.0,99556.57,Bayern
K0475,65,58270.0,1.0,38.0,85983.74,Berlin
K0476,39,45332.0,0.0,24.0,77782.69,Baden-Württemberg
K0477,66,76920.0,1.0,53.0,113661.11,Hamburg
K0478,38,45935.0,0.0,49.0,76303.93,Brandenburg
K0479,53,44034.0,1.0,40.0,69020.15,Hamburg
K0480,64,86943.0,1.0,68.0,126122.42,Thüringen
K0481,64,64626.0,0.0,55.0,113550.22,Sachsen
K0482,65,78613.0,1.0,50.0,114603.28,Baden-Württemberg
K0483,47,55536.0,0.0,37.0,76897.16,Bayern
K0484,68,89120.0,0.0,55.0,135200.0,Berlin
K0485,61,94363.0,1.0,50.0,137974.71,Bayern
K0486,53,47966.0,1.0,39.0,73902.32,Nordrhein-Westfalen
K0487,52,53837.0,1.0,22.0,64750.35,Hamburg
K0488,61,72690.0,0.0,55.0,101692.85,Hessen
K0489,66,64077.0,1.0,48.0,109821.52,Nordrhein-Westfalen
K0490,41,57422.0,1.0,47.0,75053.42,Nordrhein-Westfalen
K0491,42,59171.0,1.0,52.0,85183.22,Baden-Württemberg
K0492,52,66942.0,0.0,50.0,90579.78,Niedersachsen
K0493,54,65610.0,1.0,59.0,78467.12,Berlin
K0494,100,88749.0,0.0,64.0,119134.23,Bayern
K0495,70,67872.0,0.0,44.0,114545.55,Baden-Württemberg
K0496,59,69178.0,1.0,48.0,80282.57,Brandenburg
K0497,46,46352.0,1.0,22.0,76759.63,Bayern
K0498,49,67271.0,0.0,42.0,83949.89,Bayern
K0499,54,43162.0,1.0,34.0,81298.0,Niedersachsen
K0500,51,59485.0,0.0,49.0,96388.95,Nordrhein-Westfalen
K0501,42,53660.0,1.0,37.0,77862.18,Bayern
K0502,48,46259.0,1.0,29.0,73400.97,Baden-Württemberg
K0503,65,68189.0,0.0,36.0,97143.57,Nordrhein-Westfalen
K0504,41,49106.0,1.0,35.0,60659.78,Baden-Württemberg
K0505,70,90763.0,1.0,74.0,149827.25,Sachsen
K0506,48,45333.0,1.0,40.0,65343.65,Hessen
K0507,41,39630.0,1.0,41.0,80659.67,Bayern
K0508,38,57891.0,1.0,38.0,73104.4,Bayern
K0509,36,40554.0,1.0,24.0,68345.72,Baden-Württemberg
K0510,57,57867.0,0.0,35.0,78941.48,Bayern
K0511,43,59012.0,1.0,44.0,91000.76,Baden-Württemberg
K0512,60,64260.0,0.0,33.0,95392.37,Hessen
K0513,48,67677.0,1.0,42.0,94002.32,Baden-Württemberg
K0514,45,46082.0,0.0,34.0,78379.94,Hamburg
K0515,34,39614.0,1.0,26.0,56174.25,Hessen
K0516,64,84143.0,0.0,42.0,106701.56,Bayern
K0517,41,46486.0,1.0,40.0,79483.05,Baden-Württemberg
K0518,54,71244.0,1.0,51.0,92301.85,Baden-Württemberg
K0519,50,57994.0,1.0,49.0,93543.59,Baden-Württemberg
K0520,65,96471.0,1.0,55.0,145684.18,Nordrhein-Westfalen
K0521,52,77888.0,1.0,59.0,105968.69,Bayern
K0522,45,38876.0,1.0,45.0,78038.11,Nordrhein-Westfalen
K0523,68,83899.0,0.0,59.0,128052.56,Berlin
K0524,68,69381.0,1.0,45.0,102303.37,Berlin
K0525,43,53186.0,1.0,43.0,93969.09,Hamburg
K0526,60,70296.0,1.0,46.0,94507.15,Niedersachsen
K0527,34,29899.0,0.0,24.0,45878.08,Bayern
K0528,64,85374.0,1.0,62.0,121684.52,Baden-Württemberg
K0529,52,63079.0,1.0,46.0,100733.46,Hessen
K0530,58,64297.0,1.0,56.0,110338.33,Bayern
K0531,40,43103.0,0.0,33.0,77219.0,Berlin
K0532,47,56965.0,0.0,41.0,86689.81,Niedersachsen
K0533,41,53363.0,1.0,38.0,75926.68,Brandenburg
K0534,38,44329.0,0.0,29.0,48028.91,Hessen
K0535,39,16051.0,0.0,29.0,24654.09,Hamburg
K0536,46,54548.0,1.0,58.0,100672.01,Nordrhein-Westfalen
K0537,67,61517.0,0.0,43.0,80799.11,Niedersachsen
K0538,36,41243.0,1.0,31.0,55677.0,Hamburg
K0539,42,34792.0,1.0,27.0,71876.74,Niedersachsen
K0540,69,63958.0,1.0,42.0,106491.22,Nordrhein-Westfalen
K0541,38,59079.0,1.0,56.0,92587.82,Berlin
K0542,56,61743.0,1.0,41.0,100812.37,Berlin
K0543,31,33788.0,0.0,28.0,67174.26,Nordrhein-Westfalen
K0544,34,46577.0,1.0,30.0,71156.2,Hessen
K0545,58,63366.0,1.0,49.0,104762.36,Baden-Württemberg
K0546,66,98881.0,1.0,64.0,131352.24,Sachsen
K0547,67,74189.0,0.0,44.0,118596.14,Baden-Württemberg
K0548,48,60494.0,1.0,39.0,85749.76,Nordrhein-Westfalen
K0549,37,55129.0,1.0,53.0,73887.77,Nordrhein-Westfalen
K0550,30,54381.0,1.0,42.0,83223.78,Thüringen
K0551,51,51743.0,1.0,42.0,91562.01,Baden-Württemberg
K0552,46,49832.0,0.0,41.0,93781.58,Hessen
K0553,36,57337.0,0.0,53.0,95615.03,Berlin
K0554,54,71830.0,1.0,44.0,113981.18,Bayern
K0555,33,51920.0,0.0,38.0,54310.26,Baden-Württemberg
K0556,65,60136.0,1.0,44.0,116989.74,Hessen
K0557,35,59218.0,0.0,33.0,89824.77,Berlin
K0558,60,61297.0,1.0,39.0,89077.09,Baden-Württemberg
K0559,48,58620.0,1.0,52.0,95311.77,Hessen
K0560,68,76627.0,1.0,59.0,106279.31,Nordrhein-Westfalen
K0561,56,55688.0,0.0,49.0,94116.03,Nordrhein-Westfalen
K0562,39,31451.0,1.0,27.0,41728.39,Sachsen
K0563,55,45218.0,1.0,34.0,69467.58,Berlin
K0564,48,57825.0,1.0,31.0,94299.04,Thüringen
K0565,68,61693.0,0.0,52.0,111218.49,Nordrhein-Westfalen
K0566,32,26878.0,1.0,36.0,50126.6,Bayern
K0567,42,47660.0,0.0,46.0,69281.41,Baden-Württemberg
K0568,57,37682.0,0.0,45.0,48170.28,Berlin
K0569,49,66068.0,1.0,51.0,93925.34,Berlin
K0570,57,40164.0,0.0,46.0,77779.65,Hessen
K0571,37,43760.0,1.0,35.0,63570.42,Hessen
K0572,70,80568.0,0.0,43.0,120515.75,Nordrhein-Westfalen
K0573,68,84070.0,1.0,63.0,122645.18,Brandenburg
K0574,30,36552.0,0.0,21.0,51200.08,Baden-Württemberg
K0575,32,61059.0,0.0,47.0,81549.78,Nordrhein-Westfalen
K0576,42,52370.0,0.0,48.0,74270.35,Bayern
K0577,57,77726.0,0.0,56.0,125762.16,Thüringen
K0578,54,55199.0,1.0,59.0,64942.31,Baden-Württemberg
K0579,62,73034.0,1.0,38.0,104459.86,Thüringen
K0580,67,93933.0,0.0,61.0,124053.4,Baden-Württemberg
K0581,35,39852.0,1.0,35.0,63972.97,Bayern
K0582,61,72725.0,1.0,42.0,109982.32,Baden-Württemberg
K0583,50,69342.0,0.0,42.0,115292.51,Niedersachsen
K0584,45,45230.0,0.0,32.0,91201.91,Nordrhein-Westfalen
K0585,50,35262.0,0.0,25.0,55722.36,Berlin
K0586,40,50626.0,1.0,40.0,75452.53,Sachsen
K0587,66,86787.0,0.0,54.0,127064.84,Hessen
K0588,65,60323.0,1.0,47.0,90362.92,Niedersachsen
K0589,64,81163.0,0.0,60.0,124639.62,Nordrhein-Westfalen
K0590,48,63876.0,1.0,51.0,90833.08,Bayern
K0591,49,32964.0,0.0,29.0,49823.49,Bayern
K0592,47,45296.0,0.0,40.0,69529.36,Sachsen
K0593,70,76112.0,1.0,60.0,107199.46,Sachsen
K0594,43,49162.0,0.0,43.0,84864.12,Thüringen
K0595,44,44135.0,1.0,50.0,90278.48,Sachsen
K0596,60,60911.0,0.0,52.0,97769.6,Baden-Württemberg
K0597,30,55132.0,0.0,55.0,74760.4,Nordrhein-Westfalen
K0598,32,38008.0,1.0,17.0,59823.29,Berlin
K0599,45,45742.0,0.0,39.0,83874.88,Thüringen
K0600,52,60428.0,0.0,43.0,102443.11,Berlin
K0601,40,53679.0,1.0,41.0,77410.61,Berlin
K0602,41,49499.0,1.0,34.0,77389.91,Hamburg
K0603,39,44538.0,0.0,40.0,74086.48,Bayern
K0604,61,63590.0,0.0,34.0,86929.76,Baden-Württemberg
K0605,45,46099.0,0.0,41.0,84552.86,Sachsen
K0606,37,38116.0,0.0,29.0,77480.16,Nordrhein-Westfalen
K0607,67,80824.0,1.0,52.0,132575.6,Baden-Württemberg
K0608,41,38158.0,0.0,37.0,49170.73,Nordrhein-Westfalen
K0609,53,66225.0,1.0,49.0,78191.01,Hessen
K0610,57,81624.0,1.0,63.0,123507.46,Berlin
K0611,37,48132.0,1.0,32.0,63544.0,Bayern
K0612,57,62292.0,1.0,46.0,99289.0,Nordrhein-Westfalen
K0613,65,60902.0,1.0,52.0,114790.5,Niedersachsen
K0614,55,81244.0,1.0,58.0,108119.52,Hamburg
K0615,37,31911.0,0.0,34.0,49510.98,Hessen
K0616,57,75502.0,1.0,61.0,112788.96,Baden-Württemberg
K0617,57,73224.0,1.0,49.0,94361.83,Berlin
K0618,66,73497.0,1.0,47.0,104863.39,Baden-Württemberg
K0619,70,77553.0,1.0,58.0,119128.85,Bayern
K0620,65,55071.0,1.0,41.0,90033.88,Niedersachsen
K0621,56,68794.0,1.0,57.0,108744.79,Sachsen
K0622,46,61088.0,1.0,48.0,117616.31,Berlin
K0623,38,33873.0,0.0,28.0,56924.35,Bayern
K0624,62,70035.0,1.0,52.0,98348.59,Niedersachsen
K0625,49,58030.0,1.0,38.0,102268.68,Nordrhein-Westfalen
K0626,42,56364.0,1.0,50.0,66173.96,Nordrhein-Westfalen
K0627,57,66341.0,0.0,38.0,85104.71,Nordrhein-Westfalen
K0628,58,49747.0,1.0,48.0,77878.69,Hamburg
K0629,42,44277.0,1.0,39.0,67064.45,Nordrhein-Westfalen
K0630,64,76331.0,1.0,52.0,108153.91,Baden-Württemberg
K0631,35,51556.0,1.0,46.0,73467.98,Bayern
K0632,47,48751.0,1.0,43.0,79984.29,Berlin
K0633,34,65070.0,1.0,57.0,98105.63,Hamburg
K0634,54,42499.0,1.0,45.0,75331.36,Sachsen
K0635,31,31976.0,1.0,33.0,45789.83,Nordrhein-Westfalen
K0636,39,45869.0,1.0,32.0,80389.23,Baden-Württemberg
K0637,59,66293.0,0.0,44.0,91936.18,Baden-Württemberg
K0638,34,27982.0,0.0,28.0,31074.53,Bayern
K0639,62,76582.0,0.0,61.0,124774.93,Bayern
K0640,30,41029.0,0.0,32.0,70761.65,Hessen
K0641,47,55970.0,1.0,40.0,76520.05,Sachsen
K0642,61,74239.0,1.0,65.0,106676.91,Thüringen
K0643,40,43259.0,1.0,36.0,58493.0,Niedersachsen
K0644,50,41164.0,1.0,31.0,74268.93,Nordrhein-Westfalen
K0645,55,56358.0,0.0,49.0,105656.62,Hamburg
K0646,54,64748.0,1.0,47.0,104496.28,Bayern
K0647,51,61555.0,0.0,36.0,101804.21,Hamburg
K0648,56,65663.0,1.0,55.0,107678.5,Hessen
K0649,42,55975.0,0.0,38.0,80767.86,Nordrhein-Westfalen
K0650,62,65422.0,1.0,48.0,113261.61,Bayern
K0651,63,73099.0,1.0,51.0,118236.17,Bayern
K0652,70,86609.0,1.0,60.0,142906.55,Bayern
K0653,64,72974.0,1.0,36.0,106325.73,Thüringen
K0654,30,23521.0,1.0,24.0,24543.56,Berlin
K0655,50,48277.0,1.0,47.0,88936.09,Nordrhein-Westfalen
K0656,35,51440.0,0.0,50.0,76009.29,Nordrhein-Westfalen
K0657,57,81401.0,1.0,49.0,113014.09,Bayern
K0658,46,67111.0,1.0,55.0,93112.35,Hessen
K0659,34,43862.0,1.0,32.0,91438.09,Sachsen
K0660,60,56507.0,0.0,41.0,84172.64,Berlin
K0661,34,41276.0,1.0,33.0,53961.89,Sachsen
K0662,67,94092.0,1.0,63.0,135212.01,Bayern
K0663,32,45882.0,1.0,45.0,78435.1,Baden-Württemberg
K0664,52,58625.0,1.0,46.0,113237.35,Sachsen
K0665,66,82882.0,0.0,56.0,127752.43,Nordrhein-Westfalen
K0666,66,62298.0,1.0,53.0,88092.7,Thüringen
K0667,39,39225.0,1.0,29.0,83313.68,Niedersachsen
K0668,39,35011.0,0.0,32.0,57408.01,Sachsen
K0669,48,61627.0,1.0,53.0,82405.97,Nordrhein-Westfalen
K0670,46,62109.0,1.0,50.0,79387.46,Nordrhein-Westfalen
K0671,50,57036.0,1.0,40.0,95823.72,Hessen
K0672,43,41643.0,0.0,25.0,68969.85,Berlin
K0673,38,45470.0,1.0,40.0,72615.51,Sachsen
K0674,30,31727.0,0.0,20.0,62658.18,Berlin
K0675,42,41390.0,1.0,34.0,58786.52,Hamburg
K0676,33,43936.0,1.0,45.0,78850.36,Berlin
K0677,30,28784.0,1.0,34.0,42416.07,Berlin
K0678,69,62333.0,0.0,32.0,123546.58,Berlin
K0679,61,56063.0,1.0,44.0,98148.54,Berlin
K0680,63,55422.0,0.0,40.0,81784.14,Sachsen
K0681,57,68984.0,0.0,41.0,81325.05,Berlin
K0682,60,71186.0,1.0,53.0,115349.19,Hessen
K0683,37,45690.0,1.0,34.0,64971.82,Baden-Württemberg
K0684,68,84609.0,1.0,54.0,123507.33,Baden-Württemberg
K0685,55,77056.0,1.0,54.0,118343.37,Bayern
K0686,63,66387.0,0.0,44.0,112799.7,Niedersachsen
K0687,32,43583.0,0.0,37.0,75274.62,Baden-Württemberg
K0688,41,31809.0,1.0,27.0,44588.0,Sachsen
K0689,30,51957.0,1.0,37.0,86152.97,Bayern
K0690,34,27844.0,0.0,36.0,41694.48,Bayern
K0691,59,60769.0,1.0,53.0,72785.83,Baden-Württemberg
K0692,59,61988.0,0.0,34.0,83817.23,Baden-Württemberg
K0693,46,37812.0,1.0,39.0,67614.67,Nordrhein-Westfalen
K0694,52,61228.0,0.0,55.0,81411.98,Nordrhein-Westfalen
K0695,44,54514.0,1.0,53.0,80645.05,Hessen
K0696,66,74011.0,1.0,56.0,116589.56,Baden-Württemberg
K0697,50,42001.0,1.0,29.0,69941.72,Bayern
K0698,43,72619.0,1.0,56.0,94619.66,Berlin
K0699,31,44046.0,1.0,31.0,51186.35,Thüringen
K0700,40,76423.0,0.0,51.0,101008.49,Bayern
K0701,68,1000000000.0,0.0,52.0,87209.72,Nordrhein-Westfalen
K0702,67,87538.0,1.0,53.0,120582.75,Berlin
K0703,63,81261.0,1.0,48.0,109555.23,Bayern
K0704,67,73998.0,1.0,55.0,111198.78,Berlin
K0705,63,88113.0,1.0,72.0,123910.94,Baden-Württemberg
K0706,47,51053.0,1.0,49.0,89354.82,Nordrhein-Westfalen
K0707,59,64556.0,1.0,52.0,115909.26,Bayern
K0708,44,14547.0,1.0,29.0,28960.3,Nordrhein-Westfalen
K0709,56,69651.0,1.0,54.0,123769.4,Baden-Württemberg
K0710,63,58435.0,1.0,47.0,87561.26,Thüringen
K0711,67,71177.0,1.0,57.0,112500.75,Baden-Württemberg
K0712,62,60595.0,0.0,36.0,101207.94,Sachsen
K0713,53,57988.0,1.0,45.0,114801.87,Nordrhein-Westfalen
K0714,44,57008.0,0.0,43.0,77339.83,Thüringen
K0715,59,68591.0,1.0,50.0,85536.41,Berlin
K0716,46,62061.0,1.0,43.0,105588.24,Nordrhein-Westfalen
K0717,34,55070.0,0.0,46.0,67139.29,Berlin
K0718,58,63385.0,0.0,41.0,93077.19,Baden-Württemberg
K0719,33,35069.0,0.0,29.0,43110.27,Berlin
K0720,39,57156.0,1.0,39.0,77986.08,Baden-Württemberg
K0721,46,65611.0,1.0,54.0,85435.92,Thüringen
K0722,39,54801.0,0.0,42.0,84900.44,Baden-Württemberg
K0723,46,44038.0,1.0,34.0,72625.61,Hessen
K0724,49,62203.0,1.0,43.0,85122.57,Hessen
K0725,53,63147.0,1.0,47.0,105317.06,Hamburg
K0726,34,52759.0,1.0,53.0,77110.67,Niedersachsen
K0727,63,66597.0,0.0,40.0,83837.24,Baden-Württemberg
K0728,35,24355.0,1.0,32.0,55167.61,Hessen
K0729,31,45575.0,1.0,41.0,67425.51,Bayern
K0730,42,22279.0,1.0,20.0,61502.53,Sachsen
K0731,40,39921.0,1.0,45.0,65687.09,Nordrhein-Westfalen
K0732,52,49778.0,1.0,44.0,72763.75,Thüringen
K0733,45,42110.0,1.0,33.0,67204.52,Baden-Württemberg
K0734,60,61431.0,1.0,33.0,105250.41,Bayern
K0735,40,61057.0,0.0,47.0,77084.28,Baden-Württemberg
K0736,45,62178.0,1.0,46.0,85463.8,Baden-Württemberg
K0737,37,41869.0,1.0,29.0,62593.9,Bayern
K0738,33,52554.0,0.0,34.0,60796.8,Niedersachsen
K0739,69,67799.0,0.0,55.0,99345.38,Bayern
K0740,33,27264.0,1.0,15.0,49485.54,Brandenburg
K0741,54,72410.0,1.0,53.0,117491.52,Sachsen
K0742,32,45461.0,1.0,36.0,69182.41,Niedersachsen
K0743,61,65648.0,0.0,51.0,100202.5,Berlin
K0744,32,26860.0,0.0,26.0,37058.29,Berlin
K0745,56,81045.0,0.0,58.0,125101.5,Berlin
K0746,58,48730.0,1.0,34.0,87338.42,Baden-Württemberg
K0747,61,64150.0,0.0,47.0,91908.79,Niedersachsen
K0748,48,59014.0,1.0,48.0,97451.48,Bayern
K0749,50,78249.0,1.0,55.0,114846.09,Nordrhein-Westfalen
K0750,34,45499.0,1.0,40.0,58717.86,Nordrhein-Westfalen
K0751,47,60658.0,0.0,39.0,87172.44,Hessen
K0752,57,60125.0,1.0,41.0,89090.25,Bayern
K0753,51,65955.0,0.0,44.0,122657.88,Bayern
K0754,50,59847.0,1.0,43.0,95607.73,Nordrhein-Westfalen
K0755,35,25203.0,1.0,37.0,48554.06,Brandenburg
K0756,30,45604.0,1.0,35.0,69872.12,Bayern
K0757,34,51868.0,1.0,33.0,87676.29,Baden-Württemberg
K0758,70,89117.0,0.0,63.0,128700.13,Baden-Württemberg
K0759,41,49301.0,1.0,49.0,68579.84,Nordrhein-Westfalen
K0760,55,53760.0,0.0,33.0,93912.15,Bayern
K0761,63,47767.0,0.0,53.0,81512.67,Hamburg
K0762,43,52813.0,0.0,44.0,67106.32,Berlin
K0763,55,75863.0,1.0,60.0,96369.11,Hessen
K0764,56,76011.0,1.0,63.0,125585.18,Nordrhein-Westfalen
K0765,38,54535.0,1.0,49.0,79772.26,Nordrhein-Westfalen
K0766,55,63325.0,0.0,46.0,89117.31,Berlin
K0767,51,71583.0,0.0,59.0,99159.39,Baden-Württemberg
K0768,59,78492.0,1.0,56.0,122336.16,Berlin
K0769,46,49781.0,0.0,48.0,73484.48,Hessen
K0770,55,71467.0,1.0,59.0,89954.18,Hessen
K0771,65,69167.0,1.0,42.0,110950.37,Niedersachsen
K0772,30,42861.0,1.0,42.0,74561.85,Baden-Württemberg
K0773,37,30511.0,0.0,29.0,63585.76,Niedersachsen
K0774,64,60640.0,1.0,46.0,92602.45,Baden-Württemberg
K0775,44,63671.0,0.0,48.0,102706.73,Nordrhein-Westfalen
K0776,51,69957.0,0.0,51.0,102053.63,Bayern
K0777,43,57981.0,0.0,55.0,96036.67,Niedersachsen
K0778,55,65084.0,1.0,38.0,104045.73,Baden-Württemberg
K0779,57,40366.0,1.0,23.0,58229.04,Berlin
K0780,52,60063.0,1.0,31.0,109287.55,Niedersachsen
K0781,43,56035.0,1.0,51.0,83116.94,Bayern
K0782,53,56160.0,1.0,38.0,93839.56,Nordrhein-Westfalen
K0783,31,30362.0,0.0,31.0,34904.28,Niedersachsen
K0784,55,79794.0,1.0,54.0,118498.73,Hessen
K0785,43,50456.0,1.0,34.0,88108.0,Bayern
K0786,36,48447.0,1.0,45.0,90879.99,Brandenburg
K0787,32,47570.0,1.0,38.0,82420.11,Hessen
K0788,52,50014.0,1.0,38.0,86755.55,Berlin
K0789,47,57545.0,1.0,45.0,70459.81,Niedersachsen
K0790,67,91461.0,,66.0,131748.07,Berlin
K0791,64,93624.0,1.0,55.0,126237.04,Bayern
K0792,44,52628.0,0.0,47.0,80768.14,Bayern
K0793,54,60464.0,0.0,55.0,79245.06,Baden-Württemberg
K0794,66,78982.0,1.0,45.0,116107.59,Bayern
K0795,57,68942.0,0.0,51.0,96688.41,Nordrhein-Westfalen
K0796,39,61809.0,1.0,44.0,80843.31,Nordrhein-Westfalen
K0797,68,67429.0,0.0,54.0,100668.95,Bayern
K0798,46,51329.0,1.0,32.0,77922.3,Thüringen
K0799,68,66119.0,0.0,59.0,107741.21,Brandenburg
K0800,51,48813.0,0.0,28.0,52577.91,Sachsen
K0801,55,68214.0,0.0,47.0,75900.15,Niedersachsen
K0802,54,71828.0,0.0,54.0,99915.01,Nordrhein-Westfalen
K0803,46,47322.0,1.0,34.0,73162.63,Baden-Württemberg
K0804,42,58398.0,1.0,38.0,86430.54,Bayern
K0805,49,69675.0,1.0,51.0,92342.53,Baden-Württemberg
K0806,54,84027.0,1.0,58.0,117270.4,Niedersachsen
K0807,33,41016.0,0.0,36.0,61945.93,Bayern
K0808,39,39831.0,1.0,41.0,56301.97,Nordrhein-Westfalen
K0809,32,28303.0,0.0,26.0,57388.47,Bayern
K0810,70,68456.0,1.0,51.0,111312.94,Nordrhein-Westfalen
K0811,47,69003.0,0.0,46.0,102390.57,Baden-Württemberg
K0812,65,58549.0,1.0,38.0,97388.62,Baden-Württemberg
K0813,51,72996.0,0.0,50.0,124497.54,Bayern
K0814,63,63391.0,0.0,43.0,105484.64,Berlin
K0815,37,37168.0,1.0,30.0,55031.56,Bayern
K0816,69,77676.0,1.0,62.0,126864.71,Nordrhein-Westfalen
K0817,48,48903.0,0.0,38.0,59895.32,Baden-Württemberg
K0818,70,90512.0,1.0,56.0,133444.42,Bayern
K0819,66,95730.0,1.0,63.0,138765.11,Nordrhein-Westfalen
K0820,35,35300.0,1.0,33.0,58384.57,Baden-Württemberg
K0821,55,59442.0,1.0,36.0,88964.7,Sachsen
K0822,63,71039.0,1.0,48.0,98163.51,Thüringen
K0823,35,48297.0,1.0,37.0,62369.93,Baden-Württemberg
K0824,66,74400.0,1.0,51.0,114577.68,Bayern
K0825,62,86770.0,1.0,63.0,112809.13,Berlin
K0826,51,72225.0,0.0,52.0,120296.65,Nordrhein-Westfalen
K0827,50,45848.0,1.0,47.0,48780.22,Hessen
K0828,35,48079.0,0.0,39.0,65670.65,Niedersachsen
K0829,35,58918.0,1.0,57.0,82500.37,Nordrhein-Westfalen
K0830,33,34894.0,1.0,29.0,60765.14,Baden-Württemberg
K0831,59,65278.0,1.0,42.0,91121.52,Nordrhein-Westfalen
K0832,40,42128.0,1.0,40.0,78281.31,Niedersachsen
K0833,59,62970.0,1.0,56.0,83862.47,Hessen
K0834,60,51460.0,1.0,31.0,80985.24,Sachsen
K0835,53,47554.0,1.0,37.0,85424.37,Niedersachsen
K0836,38,46525.0,1.0,34.0,80802.74,Bayern
K0837,32,55589.0,0.0,44.0,60798.72,Berlin
K0838,60,62903.0,1.0,47.0,125573.59,Brandenburg
K0839,69,72349.0,1.0,61.0,103823.85,Baden-Württemberg
K0840,66,94518.0,0.0,62.0,119618.58,Thüringen
K0841,65,62961.0,1.0,56.0,106364.96,Baden-Württemberg
K0842,53,43943.0,1.0,35.0,71806.29,Niedersachsen
K0843,60,60569.0,0.0,52.0,89849.34,Brandenburg
K0844,35,35242.0,1.0,34.0,63070.96,Baden-Württemberg
K0845,31,19138.0,0.0,37.0,21471.65,Sachsen
K0846,49,56231.0,0.0,33.0,67307.08,Nordrhein-Westfalen
K0847,57,76586.0,1.0,45.0,104976.08,Hamburg
K0848,40,33908.0,1.0,45.0,69238.65,Bayern
K0849,33,41209.0,1.0,30.0,56426.61,Baden-Württemberg
K0850,44,56488.0,1.0,39.0,99913.03,Bayern
K0851,35,41525.0,1.0,30.0,75726.31,Bayern
K0852,59,70484.0,0.0,58.0,107496.17,Brandenburg
K0853,67,79290.0,1.0,46.0,122565.05,Thüringen
K0854,31,29275.0,1.0,30.0,51628.74,Hessen
K0855,44,68447.0,0.0,47.0,96292.93,Sachsen
K0856,40,61386.0,0.0,53.0,81555.07,Niedersachsen
K0857,37,57504.0,1.0,40.0,78406.83,Berlin
K0858,55,75123.0,1.0,55.0,97596.04,Nordrhein-Westfalen
K0859,34,24264.0,1.0,19.0,22580.44,Berlin
K0860,35,52473.0,1.0,57.0,86012.47,Nordrhein-Westfalen
K0861,55,71240.0,1.0,49.0,106132.59,Bayern
K0862,33,23596.0,1.0,27.0,44008.34,Baden-Württemberg
K0863,48,54204.0,0.0,54.0,86153.64,Nordrhein-Westfalen
K0864,49,60621.0,1.0,41.0,81988.0,Hessen
K0865,62,89774.0,1.0,72.0,117051.99,Sachsen
K0866,49,65479.0,1.0,45.0,92555.99,Sachsen
K0867,41,39563.0,1.0,39.0,78550.75,Baden-Württemberg
K0868,30,55391.0,0.0,39.0,61951.79,Brandenburg
K0869,55,64604.0,0.0,38.0,69621.64,Berlin
K0870,43,48335.0,0.0,42.0,68096.85,Hessen
K0871,67,73602.0,1.0,56.0,124908.81,Nordrhein-Westfalen
K0872,66,58457.0,1.0,35.0,79415.76,Bayern
K0873,40,46664.0,1.0,36.0,59309.97,Hessen
K0874,65,80375.0,1.0,64.0,121858.27,Niedersachsen
K0875,42,45845.0,1.0,42.0,97820.78,Baden-Württemberg
K0876,32,43734.0,0.0,34.0,49055.81,Nordrhein-Westfalen
K0877,62,62350.0,1.0,42.0,84761.44,Hessen
K0878,35,40901.0,1.0,49.0,66275.03,Sachsen
K0879,39,50202.0,1.0,30.0,86793.36,Bayern
K0880,34,43401.0,1.0,36.0,58491.97,Baden-Württemberg
K0881,52,43463.0,1.0,26.0,57784.07,Brandenburg
K0882,39,42008.0,0.0,45.0,69244.54,Baden-Württemberg
K0883,31,56282.0,0.0,43.0,81611.9,Thüringen
K0884,42,44684.0,0.0,39.0,87308.31,Baden-Württemberg
K0885,69,79491.0,1.0,74.0,127058.7,Nordrhein-Westfalen
K0886,31,37149.0,1.0,29.0,65317.0,Hamburg
K0887,49,74627.0,1.0,65.0,102198.45,Bayern
K0888,30,50998.0,1.0,38.0,95539.65,Baden-Württemberg
K0889,66,84822.0,0.0,56.0,118968.62,Hessen
K0890,38,35130.0,1.0,51.0,52189.58,Hessen
K0891,46,58260.0,1.0,43.0,104933.18,Bayern
K0892,38,51844.0,1.0,31.0,60596.45,Sachsen
K0893,40,40278.0,1.0,37.0,45917.71,Bayern
K0894,44,42754.0,0.0,35.0,69418.9,Berlin
K0895,53,80451.0,1.0,58.0,112949.61,Hamburg
K0896,67,73888.0,1.0,51.0,111202.84,Baden-Württemberg
K0897,64,91409.0,1.0,76.0,140161.07,Sachsen
K0898,59,79283.0,1.0,59.0,105625.52,Berlin
K0899,60,73978.0,0.0,44.0,109383.25,Baden-Württemberg
K0900,34,46252.0,0.0,39.0,62891.18,Berlin
K0901,43,35922.0,0.0,27.0,51533.78,Hessen
K0902,40,50097.0,0.0,38.0,73036.86,Hamburg
K0903,38,61052.0,1.0,39.0,93849.29,Niedersachsen
K0904,63,80199.0,0.0,70.0,138366.29,Baden-Württemberg
K0905,41,50613.0,1.0,35.0,81875.89,Bayern
K0906,64,92461.0,1.0,66.0,105443.46,Nordrhein-Westfalen
K0907,64,71888.0,0.0,49.0,108277.84,Baden-Württemberg
K0908,30,30285.0,1.0,22.0,49774.03,Nordrhein-Westfalen
K0909,69,80988.0,0.0,57.0,130219.27,Baden-Württemberg
K0910,51,68102.0,1.0,52.0,101089.53,Nordrhein-Westfalen
K0911,58,48755.0,1.0,43.0,95736.22,Bayern
K0912,37,47689.0,0.0,20.0,73619.96,Hessen
K0913,40,56643.0,0.0,35.0,96334.06,Baden-Württemberg
K0914,70,77481.0,1.0,60.0,114318.99,Baden-Württemberg
K0915,66,88070.0,1.0,53.0,129089.55,Bayern
K0916,43,58063.0,1.0,45.0,93120.95,Baden-Württemberg
K0917,59,91693.0,1.0,52.0,121840.18,Bayern
K0918,64,65754.0,1.0,53.0,95513.44,Hamburg
K0919,50,67714.0,0.0,55.0,90616.13,Hessen
K0920,66,65032.0,1.0,53.0,96232.71,Nordrhein-Westfalen
K0921,34,23826.0,0.0,34.0,48808.86,Niedersachsen
K0922,48,34459.0,1.0,43.0,44237.57,Hessen
K0923,43,56948.0,1.0,35.0,67634.12,Berlin
K0924,55,66128.0,0.0,43.0,117054.79,Berlin
K0925,33,35064.0,1.0,39.0,48350.07,Berlin
K0926,54,43811.0,1.0,45.0,77794.39,Nordrhein-Westfalen
K0927,54,55557.0,1.0,38.0,72637.98,Bayern
K0928,47,55494.0,0.0,38.0,83850.57,Baden-Württemberg
K0929,69,87922.0,0.0,54.0,120453.26,Niedersachsen
K0930,37,44420.0,1.0,26.0,51519.02,Bayern
K0931,68,80968.0,1.0,47.0,135002.85,Sachsen
K0932,69,75241.0,1.0,44.0,128050.39,Nordrhein-Westfalen
K0933,43,70080.0,0.0,48.0,94723.69,Baden-Württemberg
K0934,61,59597.0,0.0,47.0,104647.51,Baden-Württemberg
K0935,67,69567.0,1.0,53.0,128522.22,Brandenburg
K0936,62,66385.0,1.0,45.0,110890.06,Hessen
K0937,52,66760.0,1.0,45.0,103242.45,Bayern
K0938,44,40928.0,0.0,36.0,68349.12,Niedersachsen
K0939,62,73197.0,0.0,41.0,115604.15,Hessen
K0940,54,64833.0,1.0,54.0,93686.46,Bayern
K0941,46,46834.0,1.0,47.0,71854.37,Baden-Württemberg
K0942,62,75303.0,1.0,48.0,116978.57,Nordrhein-Westfalen
K0943,31,27160.0,0.0,26.0,40495.11,Bayern
K0944,43,38995.0,1.0,43.0,61300.12,Nordrhein-Westfalen
K0945,69,80400.0,0.0,54.0,120052.16,Berlin
K0946,69,61320.0,1.0,50.0,113385.31,Hessen
K0947,68,54974.0,1.0,42.0,83002.22,Nordrhein-Westfalen
K0948,35,48208.0,1.0,50.0,78096.44,Nordrhein-Westfalen
K0949,35,53806.0,1.0,45.0,84195.58,Berlin
K0950,32,34112.0,1.0,36.0,62280.35,Bayern
K0951,36,36269.0,0.0,37.0,49092.44,Nordrhein-Westfalen
K0952,37,55505.0,1.0,39.0,61612.78,Berlin
K0953,44,39771.0,1.0,32.0,72076.48,Baden-Württemberg
K0954,58,52599.0,1.0,47.0,88810.94,Sachsen
K0955,62,79399.0,0.0,56.0,125617.3,Baden-Württemberg
K0956,59,68568.0,0.0,41.0,95476.41,Baden-Württemberg
K0957,68,89783.0,1.0,73.0,138190.26,Baden-Württemberg
K0958,56,42003.0,0.0,43.0,84471.99,Hessen
K0959,65,59789.0,1.0,45.0,96988.98,Niedersachsen
K0960,58,67540.0,1.0,47.0,106543.4,Bayern
K0961,67,81679.0,0.0,57.0,124223.23,Bayern
K0962,62,80910.0,0.0,59.0,108522.61,Bayern
K0963,66,77961.0,0.0,40.0,121393.97,Niedersachsen
K0964,56,67000.0,1.0,63.0,117255.91,Baden-Württemberg
K0965,62,67502.0,1.0,43.0,104564.5,Sachsen
K0966,33,57513.0,0.0,44.0,62722.06,Bayern
K0967,51,47827.0,1.0,39.0,71298.43,Thüringen
K0968,31,41983.0,1.0,50.0,43660.45,Baden-Württemberg
K0969,39,36057.0,1.0,32.0,73098.28,Nordrhein-Westfalen
K0970,34,47144.0,1.0,50.0,76527.76,Bayern
K0971,39,35523.0,1.0,36.0,54246.76,Baden-Württemberg
K0972,62,79791.0,0.0,48.0,101275.87,Nordrhein-Westfalen
K0973,67,78366.0,1.0,55.0,109630.95,Nordrhein-Westfalen
K0974,42,68945.0,1.0,49.0,88842.18,Berlin
K0975,60,66507.0,1.0,41.0,103384.25,Niedersachsen
K0976,65,79589.0,0.0,57.0,117896.45,Hessen
K0977,53,53504.0,1.0,42.0,98914.66,Nordrhein-Westfalen
K0978,44,49072.0,1.0,43.0,68862.67,Bayern
K0979,58,68532.0,0.0,51.0,86666.09,Hamburg
K0980,37,28037.0,0.0,24.0,37558.95,Brandenburg
K0981,34,25970.0,0.0,33.0,45444.01,Bayern
K0982,58,73890.0,0.0,48.0,100147.52,Sachsen
K0983,33,38675.0,1.0,13.0,56493.4,Baden-Württemberg
K0984,41,42509.0,0.0,37.0,61738.05,Baden-Württemberg
K0985,31,30097.0,1.0,26.0,59710.03,Hessen
K0986,56,57640.0,0.0,46.0,83811.43,Niedersachsen
K0987,60,70775.0,0.0,64.0,101574.15,Baden-Württemberg
K0988,65,79806.0,0.0,69.0,124673.13,Berlin
K0989,65,52291.0,0.0,40.0,83234.33,Sachsen
K0990,55,79452.0,1.0,49.0,117307.67,Bayern
K0991,56,79765.0,1.0,59.0,117216.16,Niedersachsen
K0992,34,16069.0,0.0,20.0,36929.31,Nordrhein-Westfalen
K0993,49,69396.0,0.0,52.0,86666.48,Berlin
K0994,40,59298.0,1.0,40.0,96941.73,Sachsen
K0995,39,46774.0,1.0,40.0,93641.06,Nordrhein-Westfalen
K0996,69,65252.0,1.0,42.0,105771.99,Berlin
K0997,67,88160.0,0.0,67.0,116308.36,Hessen
K0998,35,39813.0,0.0,31.0,60757.87,Niedersachsen
K0999,37,50552.0,1.0,45.0,83913.36,Hessen
K1000,52,84942.0,1.0,49.0,110785.84,Nordrhein-Westfalen
K1001,55,66861.0,0.0,54.0,97465.12,Bayern
K1002,41,38996.0,0.0,28.0,66237.4,Bayern
K1003,55,60489.0,1.0,47.0,105741.8,Bayern
K1004,42,41463.0,1.0,43.0,74976.67,Baden-Württemberg
K1005,69,84021.0,1.0,56.0,133358.19,Baden-Württemberg
K1006,47,46708.0,1.0,31.0,70719.18,Nordrhein-Westfalen
K1007,54,57917.0,1.0,47.0,94386.02,Niedersachsen
K1008,62,57795.0,0.0,38.0,85730.62,Niedersachsen
K1009,69,77887.0,0.0,51.0,126098.91,Hessen
K1010,41,50856.0,1.0,42.0,87967.12,Nordrhein-Westfalen
K1011,65,45863.0,0.0,47.0,88037.39,Brandenburg
K1012,33,43075.0,1.0,37.0,60255.17,Nordrhein-Westfalen
K1013,34,40849.0,1.0,36.0,60157.5,Bayern
K1014,66,67768.0,1.0,54.0,125157.59,Sachsen
K1015,37,66600.0,1.0,49.0,86748.87,Niedersachsen
K1016,57,76694.0,0.0,58.0,120681.69,Bayern
K1017,60,57664.0,0.0,51.0,95386.14,Hessen
K1018,38,54775.0,1.0,40.0,75261.51,Hamburg
K1019,58,80881.0,1.0,33.0,102290.11,Baden-Württemberg
K1020,43,52541.0,0.0,36.0,79916.64,Hessen
K1021,69,0.0,1.0,65.0,125140.05,Bayern
K1022,70,84074.0,1.0,57.0,144045.32,Baden-Württemberg
K1023,51,37169.0,0.0,31.0,57319.84,Sachsen
K1024,40,45828.0,1.0,46.0,93946.55,Niedersachsen
K1025,52,58284.0,1.0,43.0,93481.79,Nordrhein-Westfalen
K1026,30,52514.0,1.0,27.0,76020.69,Niedersachsen
K1027,66,79684.0,0.0,44.0,111685.27,Bayern
K1028,50,55477.0,1.0,46.0,88889.58,Hamburg
K1029,55,63152.0,1.0,46.0,101027.77,Niedersachsen
K1030,65,86078.0,0.0,68.0,133381.03,Thüringen
K1031,52,58873.0,1.0,39.0,80225.35,Bayern
K1032,30,29432.0,0.0,28.0,61522.97,Nordrhein-Westfalen
K1033,69,76330.0,1.0,47.0,120784.01,Sachsen
K1034,44,62396.0,0.0,43.0,94641.94,Niedersachsen
K1035,50,64086.0,1.0,34.0,92285.2,Sachsen
K1036,38,46165.0,1.0,35.0,60325.44,Berlin
K1037,38,47762.0,1.0,39.0,72194.21,Thüringen
K1038,39,40699.0,1.0,34.0,66612.75,Niedersachsen
K1039,55,62026.0,0.0,61.0,79649.63,Baden-Württemberg
K1040,70,73211.0,0.0,64.0,121272.09,Sachsen
K1041,64,70698.0,1.0,45.0,118855.24,Brandenburg
K1042,54,77644.0,1.0,40.0,103145.7,Berlin
K1043,55,52440.0,0.0,41.0,73482.49,Hessen
K1044,40,40385.0,0.0,38.0,60570.44,Baden-Württemberg
K1045,67,63547.0,1.0,41.0,103123.57,Berlin
K1046,31,22137.0,1.0,20.0,38697.44,Nordrhein-Westfalen
K1047,36,41489.0,1.0,47.0,63321.68,Baden-Württemberg
K1048,47,48752.0,0.0,38.0,78207.23,Bayern
K1049,56,84320.0,1.0,62.0,104544.82,Baden-Württemberg
K1050,63,69742.0,1.0,43.0,94365.56,Berlin
K1051,56,79198.0,1.0,54.0,85437.96,Nordrhein-Westfalen
K1052,46,64863.0,0.0,45.0,101644.17,Nordrhein-Westfalen
K1053,53,59694.0,1.0,40.0,91743.18,Sachsen
K1054,54,85929.0,1.0,66.0,129836.57,Hessen
K1055,36,46427.0,1.0,28.0,57408.1,Bayern
K1056,35,58838.0,1.0,47.0,81539.66,Sachsen
K1057,53,77106.0,1.0,51.0,111716.45,Nordrhein-Westfalen
K1058,62,76222.0,1.0,56.0,107580.68,Hessen
K1059,58,75531.0,1.0,50.0,94646.93,Niedersachsen
K1060,51,66558.0,1.0,54.0,115445.45,Sachsen
K1061,55,51720.0,1.0,34.0,98714.27,Niedersachsen
K1062,57,66921.0,0.0,57.0,95988.37,Bayern
K1063,50,70355.0,0.0,50.0,104977.17,Niedersachsen
K1064,36,60066.0,1.0,36.0,78126.13,Baden-Württemberg
K1065,46,46549.0,0.0,43.0,62984.61,Berlin
K1066,49,63355.0,1.0,45.0,111931.58,Berlin
K1067,70,82041.0,1.0,44.0,106587.98,Baden-Württemberg
K1068,49,56341.0,1.0,45.0,83125.26,Baden-Württemberg
K1069,51,63650.0,1.0,54.0,95477.5,Baden-Württemberg
K1070,57,68664.0,0.0,58.0,118552.48,Niedersachsen
K1071,69,85191.0,0.0,55.0,134143.64,Nordrhein-Westfalen
K1072,36,59150.0,0.0,46.0,63818.75,Thüringen
K1073,30,45508.0,1.0,38.0,64916.89,Bayern
K1074,61,74008.0,1.0,62.0,110730.9,Hessen
K1075,42,70246.0,1.0,44.0,94369.73,Sachsen
K1076,59,80507.0,1.0,52.0,122494.92,Baden-Württemberg
K1077,52,59873.0,1.0,39.0,76854.89,Niedersachsen
K1078,48,43335.0,1.0,27.0,67948.2,Nordrhein-Westfalen
K1079,61,59927.0,1.0,47.0,100903.48,Baden-Württemberg
K1080,59,78591.0,1.0,66.0,121131.95,Nordrhein-Westfalen
K1081,58,60549.0,0.0,44.0,95376.05,Nordrhein-Westfalen
K1082,58,56452.0,0.0,37.0,86683.9,Baden-Württemberg
K1083,59,-62840.37,0.0,46.0,92837.59,Baden-Württemberg
K1084,45,45825.0,1.0,42.0,80681.1,Baden-Württemberg
K1085,69,88545.0,1.0,58.0,130019.9,Bayern
K1086,48,54835.0,1.0,52.0,73324.94,Brandenburg
K1087,47,40566.0,0.0,30.0,54913.08,Hamburg
K1088,30,37341.0,1.0,32.0,41316.33,Bayern
K1089,43,53520.0,1.0,44.0,94866.27,Sachsen
K1090,31,32891.0,0.0,34.0,59486.79,Bayern
K1091,57,78835.0,1.0,55.0,112307.45,Baden-Württemberg
K1092,59,63905.0,1.0,38.0,94428.01,Bayern
K1093,67,89170.0,1.0,76.0,123408.48,Hamburg
K1094,33,46732.0,1.0,37.0,78942.39,Berlin
K1095,30,47053.0,1.0,39.0,85990.12,Bayern
K1096,37,32686.0,1.0,36.0,49215.87,Baden-Württemberg
K1097,58,68451.0,1.0,45.0,114851.71,Nordrhein-Westfalen
K1098,68,77662.0,1.0,54.0,118227.18,Thüringen
K1099,32,23753.0,0.0,22.0,40179.55,Bayern
K1100,61,82624.0,1.0,59.0,134755.8,Berlin
K1101,39,37905.0,1.0,32.0,61717.86,Hessen
K1102,39,40159.0,1.0,37.0,67170.69,Niedersachsen
K1103,48,45545.0,0.0,30.0,75700.83,Berlin
K1104,63,80414.0,1.0,49.0,101554.64,Sachsen
K1105,42,57149.5,0.0,35.0,,Hessen
K1106,34,43358.56,1.0,33.0,,Berlin
K1107,33,45748.43,1.0,55.0,,Niedersachsen
K1108,57,58633.97,1.0,32.0,,Thüringen
K1109,43,53592.01,0.0,31.0,,Nordrhein-Westfalen
K1110,37,38266.32,1.0,36.0,,Baden-Württemberg
K1111,38,50640.42,1.0,28.0,,Bayern
K1112,64,70306.35,1.0,36.0,,Berlin
K1113,66,76115.95,0.0,59.0,,Bayern
K1114,50,43389.67,1.0,38.0,,Niedersachsen
K1115,47,46132.95,1.0,38.0,,Nordrhein-Westfalen
K1116,62,77682.56,0.0,28.0,,Nordrhein-Westfalen
K1117,37,37026.7,0.0,52.0,,Thüringen
K1118,46,65112.43,0.0,54.0,,Bayern
K1119,60,63515.36,1.0,44.0,,Nordrhein-Westfalen
K1120,63,79754.38,1.0,42.0,,Nordrhein-Westfalen
K1121,35,35620.92,0.0,33.0,,Bayern
K1122,51,64923.25,1.0,39.0,,Nordrhein-Westfalen
K1123,43,38133.97,0.0,27.0,,Baden-Württemberg
K1124,32,34848.44,0.0,24.0,,Nordrhein-Westfalen
K1125,41,41970.76,1.0,20.0,,Hamburg
K1126,65,86000.22,0.0,39.0,,Bayern
K1127,41,53765.36,0.0,21.0,,Niedersachsen
K1128,31,26637.98,1.0,30.0,,Niedersachsen
K1129,31,35916.95,1.0,34.0,,Bayern
K1130,44,46191.88,1.0,45.0,,Baden-Württemberg
K1131,52,71199.25,1.0,29.0,,Berlin
K1132,58,81205.21,1.0,46.0,,Hessen
K1133,46,42528.58,0.0,44.0,,Nordrhein-Westfalen
K1134,61,80750.62,0.0,24.0,,Sachsen
K1135,36,36252.28,1.0,46.0,,Hamburg
K1136,59,68648.91,1.0,32.0,,Nordrhein-Westfalen
K1137,57,68849.42,0.0,30.0,,Berlin
K1138,43,68343.43,1.0,32.0,,Nordrhein-Westfalen
K1139,59,61880.0,0.0,35.0,,Bayern
K1140,46,63048.01,1.0,31.0,,Berlin
K1141,61,62738.78,1.0,27.0,,Niedersachsen
K1142,35,31305.75,1.0,27.0,,Baden-Württemberg
K1143,53,64075.21,0.0,36.0,,Nordrhein-Westfalen
K1144,35,42684.33,1.0,33.0,,Nordrhein-Westfalen
K1145,56,41843.15,0.0,40.0,,Berlin
K1146,47,67161.18,1.0,36.0,,Berlin
K1147,53,44536.67,1.0,36.0,,Nordrhein-Westfalen
K1148,66,77908.29,1.0,41.0,,Nordrhein-Westfalen
K1149,53,75785.77,0.0,49.0,,Bayern
K1150,67,100322.37,0.0,50.0,,Bayern
K1151,63,72396.21,1.0,48.0,,Niedersachsen
K1152,69,69862.2,1.0,44.0,,Hessen
K1153,44,64786.55,1.0,56.0,,Baden-Württemberg
K1154,40,56212.03,1.0,39.0,,Bayern
K1155,51,57040.85,1.0,38.0,,Sachsen
K1156,53,58268.38,0.0,57.0,,Niedersachsen
K1157,30,30096.84,0.0,8.0,,Thüringen
K1158,47,53602.48,1.0,33.0,,Nordrhein-Westfalen
K1159,41,52447.56,1.0,48.0,,Sachsen
K1160,57,63456.63,0.0,45.0,,Bayern
K1161,69,78816.43,0.0,61.0,,Nordrhein-Westfalen
K1162,36,49453.96,1.0,36.0,,Baden-Württemberg
K1163,52,49271.15,1.0,31.0,,Niedersachsen
K1164,50,56874.93,1.0,32.0,,Berlin
K1165,63,60561.81,1.0,38.0,,Bayern
K1166,40,49390.74,1.0,51.0,,Nordrhein-Westfalen
K1167,51,43966.82,1.0,51.0,,Nordrhein-Westfalen
K1168,64,84876.3,0.0,34.0,,Baden-Württemberg
K1169,58,57893.55,1.0,38.0,,Hessen
K1170,57,52580.66,1.0,29.0,,Bayern
K1171,47,53430.97,1.0,30.0,,Berlin
K1172,43,67392.46,0.0,45.0,,Nordrhein-Westfalen
K1173,47,63119.27,0.0,51.0,,Bayern
K1174,57,51230.94,1.0,28.0,,Sachsen
K1175,53,51711.71,1.0,37.0,,Baden-Württemberg
K1176,37,41292.54,0.0,33.0,,Niedersachsen
K1177,37,65035.0,1.0,44.0,,Niedersachsen
K1178,33,31654.71,1.0,31.0,,Bayern
K1179,56,58982.67,1.0,16.0,,Bayern
K1180,65,91807.01,1.0,45.0,,Nordrhein-Westfalen
K1181,34,43060.35,1.0,32.0,,Nordrhein-Westfalen
K1182,62,83975.47,0.0,33.0,,Bayern
K1183,63,69114.67,0.0,39.0,,Hamburg
K1184,59,70012.56,1.0,39.0,,Baden-Württemberg
K1185,37,56717.59,0.0,40.0,,Bayern
K1186,68,80288.2,1.0,19.0,,Brandenburg
K1187,55,76311.86,1.0,41.0,,Baden-Württemberg
K1188,66,82714.6,0.0,16.0,,Nordrhein-Westfalen
K1189,63,66297.53,0.0,43.0,,Niedersachsen
K1190,36,43526.39,1.0,46.0,,Sachsen
K1191,69,91625.0,1.0,21.0,,Niedersachsen
K1192,57,74592.8,0.0,38.0,,Sachsen
K1193,68,81230.95,0.0,46.0,,Hessen
K1194,68,64541.88,0.0,31.0,,Hessen
K1195,57,52369.61,1.0,42.0,,Thüringen
K1196,43,37696.63,1.0,7.0,,Niedersachsen
K1197,67,75807.66,1.0,46.0,,Baden-Württemberg
K1198,33,36719.1,1.0,35.0,,Nordrhein-Westfalen
K1199,47,43409.22,0.0,32.0,,Sachsen
K1200,54,74220.58,1.0,45.0,,Nordrhein-Westfalen
K1201,36,32281.86,1.0,52.0,,Hessen
K1202,67,68054.56,0.0,40.0,,Niedersachsen
K1203,57,69354.04,1.0,51.0,,Thüringen
K1204,34,50082.23,1.0,19.0,,Baden-Württemberg
K1205,32,57455.89,0.0,42.0,,Niedersachsen
K1206,60,77364.77,0.0,34.0,,Bayern
K1207,49,73319.19,0.0,27.0,,Niedersachsen
K1208,48,46968.11,1.0,16.0,,Hessen
K1209,40,67881.4,0.0,41.0,,Baden-Württemberg
K1210,69,65999.38,0.0,44.0,,Bayern
K1211,32,34391.82,1.0,48.0,,Hessen
K1212,52,67687.35,1.0,47.0,,Baden-Württemberg
K1213,36,29204.05,0.0,27.0,,Bayern
K1214,52,54277.2,1.0,48.0,,Nordrhein-Westfalen
K1215,36,33884.97,0.0,49.0,,Bayern
K1216,63,72872.41,1.0,32.0,,Brandenburg
K1217,48,70707.74,1.0,35.0,,Sachsen
K1218,38,46195.15,1.0,26.0,,Bayern
K1219,47,52534.52,0.0,50.0,,Berlin
K1220,70,57964.51,1.0,20.0,,Hessen
K1221,54,69210.98,1.0,40.0,,Nordrhein-Westfalen
K1222,43,59089.74,0.0,29.0,,Sachsen
K1223,54,49679.67,0.0,24.0,,Sachsen
K1224,48,57289.9,0.0,16.0,,Nordrhein-Westfalen
K1225,68,83333.57,1.0,33.0,,Bayern
K1226,44,61848.47,1.0,22.0,,Baden-Württemberg
K1227,45,47805.5,0.0,36.0,,Berlin
K1228,56,59483.17,0.0,53.0,,Baden-Württemberg
K1229,69,78663.94,1.0,37.0,,Niedersachsen
K1230,39,58806.42,1.0,55.0,,Niedersachsen
K1231,33,49527.66,0.0,25.0,,Baden-Württemberg
K1232,48,57701.19,1.0,22.0,,Nordrhein-Westfalen
K1233,57,77750.95,0.0,25.0,,Bayern
K1234,50,38912.23,1.0,34.0,,Berlin
K1235,43,59104.51,1.0,62.0,,Niedersachsen
K1236,62,64399.17,0.0,18.0,,Berlin
K1237,39,63156.46,1.0,41.0,,Berlin
K1238,48,48300.49,1.0,28.0,,Baden-Württemberg
K1239,59,63241.9,1.0,33.0,,Berlin
K1240,51,66518.31,1.0,22.0,,Nordrhein-Westfalen
K1241,32,44873.24,0.0,44.0,,Sachsen
K1242,66,75200.53,0.0,35.0,,Berlin
K1243,70,87311.65,0.0,46.0,,Berlin
K1244,47,61173.94,1.0,37.0,,Niedersachsen
K1245,40,51957.05,1.0,16.0,,Sachsen
K1246,31,34101.76,1.0,46.0,,Bayern
K1247,41,54152.49,0.0,15.0,,Berlin
K1248,35,55165.48,0.0,16.0,,Nordrhein-Westfalen
K1249,69,71732.25,0.0,26.0,,Hessen
K1250,58,62171.39,1.0,26.0,,Baden-Württemberg
K1251,59,71174.38,1.0,49.0,,Hessen
K1252,31,28227.62,1.0,33.0,,Baden-Württemberg
K1253,38,29787.61,1.0,47.0,,Hamburg
K1254,31,47601.83,1.0,29.0,,Hamburg
K1255,58,49653.39,0.0,38.0,,Nordrhein-Westfalen
K1256,62,70856.65,1.0,40.0,,Berlin
K1257,39,54069.63,1.0,42.0,,Bayern
K1258,63,78072.77,1.0,30.0,,Bayern
K1259,37,41367.82,0.0,31.0,,Nordrhein-Westfalen
K1260,66,69331.45,0.0,32.0,,Baden-Württemberg
K1261,62,77583.36,0.0,18.0,,Berlin
K1262,35,33579.07,0.0,34.0,,Baden-Württemberg
K1263,69,85175.92,1.0,31.0,,Nordrhein-Westfalen
K1264,48,59163.82,0.0,41.0,,Berlin
K1265,61,74660.13,1.0,36.0,,Bayern
K1266,56,61601.84,1.0,48.0,,Bayern
K1267,30,54906.98,0.0,36.0,,Nordrhein-Westfalen
K1268,62,77712.61,0.0,29.0,,Hessen
K1269,69,80266.52,1.0,36.0,,Niedersachsen
K1270,61,75680.86,1.0,42.0,,Sachsen
K1271,34,34322.45,1.0,17.0,,Sachsen
K1272,46,52041.42,1.0,28.0,,Bayern
K1273,37,66419.25,1.0,28.0,,Thüringen
K1274,63,68751.57,1.0,39.0,,Baden-Württemberg
K1275,38,45342.45,1.0,40.0,,Berlin
K1276,52,58522.3,0.0,36.0,,Sachsen
K1277,64,67482.49,1.0,10.0,,Bayern
K1278,36,47469.13,1.0,18.0,,Bayern
K1279,44,53482.31,1.0,33.0,,Bayern
K1280,49,67290.6,0.0,30.0,,Hessen
K1281,54,72310.2,1.0,35.0,,Berlin
K1282,32,47052.41,1.0,30.0,,Nordrhein-Westfalen
K1283,53,55541.96,1.0,50.0,,Sachsen
K1284,63,81446.36,0.0,12.0,,Niedersachsen
K1285,51,67445.38,0.0,38.0,,Bayern
K1286,40,39209.65,0.0,43.0,,Sachsen
K1287,37,41986.48,0.0,42.0,,Bayern
K1288,68,68468.4,0.0,43.0,,Baden-Württemberg
K1289,64,82889.73,0.0,44.0,,Baden-Württemberg
K1290,67,86403.29,1.0,29.0,,Hessen
K1291,37,57751.77,1.0,24.0,,Baden-Württemberg
K1292,66,77161.38,0.0,15.0,,Baden-Württemberg
K1293,56,71443.22,1.0,31.0,,Bayern
K1294,57,77462.13,1.0,27.0,,Bayern
K1295,69,75983.22,0.0,47.0,,Hessen
K1296,63,67502.37,1.0,32.0,,Nordrhein-Westfalen
K1297,61,66782.63,0.0,25.0,,Nordrhein-Westfalen
K1298,44,50005.0,0.0,23.0,,Bayern
K1299,46,47676.4,1.0,55.0,,Bayern
K1300,62,68355.77,0.0,35.0,,Thüringen
K1301,45,62279.13,1.0,27.0,,Baden-Württemberg
K1302,58,68875.22,1.0,36.0,,Nordrhein-Westfalen
K1303,38,48808.07,1.0,54.0,,Baden-Württemberg
K1304,62,69519.57,0.0,31.0,,Sachsen
K1305,58,64187.77,0.0,42.0,,Bayern
K1306,42,53357.53,1.0,47.0,,Berlin
K1307,50,61399.94,0.0,16.0,,Niedersachsen
K1308,50,67276.38,1.0,29.0,,Hessen
K1309,34,53036.01,0.0,46.0,,Bayern
K1310,39,40996.11,1.0,28.0,,Hessen
K1311,35,50251.18,0.0,39.0,,Nordrhein-Westfalen
K1312,42,41050.16,1.0,27.0,,Baden-Württemberg
K1313,30,55256.45,1.0,31.0,,Baden-Württemberg
K1314,49,51990.86,1.0,29.0,,Berlin
K1315,37,51083.83,0.0,41.0,,Baden-Württemberg
K1316,39,37428.12,1.0,37.0,,Niedersachsen
K1317,38,44672.54,0.0,36.0,,Bayern
K1318,70,97897.05,1.0,60.0,,Berlin
K1319,32,31562.65,1.0,52.0,,Baden-Württemberg
K1320,40,68282.05,1.0,15.0,,Hamburg
K1321,41,49550.97,0.0,31.0,,Baden-Württemberg
K1322,39,56023.57,1.0,59.0,,Baden-Württemberg
K1323,54,68635.79,0.0,29.0,,Baden-Württemberg
K1324,54,69123.41,0.0,56.0,,Thüringen
K1325,40,35558.52,0.0,31.0,,Baden-Württemberg
K1326,65,73776.47,1.0,33.0,,Niedersachsen
K1327,68,92374.32,0.0,44.0,,Baden-Württemberg
K1328,55,63084.95,0.0,34.0,,Baden-Württemberg
K1329,43,53219.97,1.0,40.0,,Brandenburg
K1330,68,67645.33,0.0,51.0,,Berlin
K1331,69,77933.08,1.0,43.0,,Thüringen
K1332,30,46686.49,1.0,36.0,,Sachsen
K1333,33,28556.82,1.0,52.0,,Nordrhein-Westfalen
K1334,59,77392.45,1.0,44.0,,Hessen
K1335,41,51201.01,1.0,28.0,,Berlin
K1336,64,74726.85,1.0,55.0,,Bayern
K1337,42,48260.29,0.0,41.0,,Sachsen
K1338,60,67687.57,1.0,33.0,,Hessen
K1339,67,76785.42,1.0,15.0,,Hessen
K1340,52,71014.31,1.0,21.0,,Bayern
K1341,33,36224.0,0.0,52.0,,Baden-Württemberg
K1342,45,70632.18,0.0,52.0,,Sachsen
K1343,36,46373.46,0.0,36.0,,Bayern
K1344,51,56254.2,0.0,17.0,,Berlin
K1345,58,78517.61,1.0,24.0,,Baden-Württemberg
K1346,40,54037.31,0.0,19.0,,Nordrhein-Westfalen
K1347,62,59572.99,1.0,18.0,,Baden-Württemberg
K1348,58,60418.97,1.0,55.0,,Nordrhein-Westfalen
K1349,68,80553.39,0.0,56.0,,Baden-Württemberg
K1350,41,35323.88,1.0,24.0,,Sachsen
K1351,36,62517.51,0.0,35.0,,Nordrhein-Westfalen
K1352,68,89005.39,0.0,22.0,,Baden-Württemberg
K1353,55,66068.48,1.0,35.0,,Hessen
K1354,69,79689.65,1.0,51.0,,Bayern
K1355,38,40638.12,1.0,46.0,,Baden-Württemberg
K1356,70,66260.03,0.0,43.0,,Nordrhein-Westfalen
K1357,63,60048.62,0.0,33.0,,Berlin
K1358,42,67920.23,1.0,48.0,,Berlin
K1359,65,92223.19,1.0,41.0,,Baden-Württemberg
K1360,54,59813.59,0.0,39.0,,Berlin
K1361,53,72003.35,0.0,34.0,,Nordrhein-Westfalen
K1362,46,60088.45,1.0,38.0,,Bayern
K1363,31,43375.75,1.0,38.0,,Thüringen
K1364,42,37936.98,0.0,30.0,,Sachsen
K1365,60,55814.8,1.0,27.0,,Baden-Württemberg
K1366,58,80403.6,1.0,25.0,,Baden-Württemberg
K1367,57,50717.29,0.0,26.0,,Nordrhein-Westfalen
K1368,56,66037.86,0.0,33.0,,Berlin
K1369,44,49839.08,1.0,31.0,,Baden-Württemberg
K1370,60,67965.91,1.0,29.0,,Bayern
K1371,69,85613.26,1.0,28.0,,Hessen
K1372,44,47045.73,1.0,38.0,,Nordrhein-Westfalen
K1373,62,78050.89,0.0,49.0,,Baden-Württemberg
K1374,49,60350.98,1.0,35.0,,Baden-Württemberg
K1375,41,68516.5,0.0,34.0,,Sachsen
K1376,66,66735.69,0.0,26.0,,Nordrhein-Westfalen
K1377,38,46307.32,1.0,33.0,,Hessen
K1378,52,66521.78,1.0,47.0,,Nordrhein-Westfalen
K1379,37,42547.27,1.0,45.0,,Berlin
K1380,61,61246.33,0.0,45.0,,Nordrhein-Westfalen
K1381,43,63300.07,0.0,44.0,,Berlin
K1382,56,70410.8,1.0,39.0,,Bayern
K1383,54,53583.85,0.0,39.0,,Nordrhein-Westfalen
K1384,42,54737.69,0.0,37.0,,Berlin
K1385,50,75601.53,0.0,31.0,,Thüringen
K1386,60,71786.36,1.0,36.0,,Bayern
K1387,66,79203.83,1.0,37.0,,Sachsen
K1388,34,55437.45,0.0,41.0,,Sachsen
K1389,42,42036.49,1.0,36.0,,Bayern
K1390,57,84130.84,1.0,56.0,,Nordrhein-Westfalen
K1391,54,73773.47,1.0,23.0,,Berlin
K1392,64,68522.84,1.0,43.0,,Sachsen
K1393,68,75570.02,1.0,35.0,,Berlin
K1394,36,38942.81,0.0,35.0,,Nordrhein-Westfalen
K1395,67,63881.03,1.0,27.0,,Berlin
K1396,61,75646.61,1.0,45.0,,Bayern
K1397,32,31010.6,0.0,42.0,,Baden-Württemberg
K1398,68,84266.91,1.0,43.0,,Berlin
K1399,66,67587.21,1.0,37.0,,Nordrhein-Westfalen
K1400,51,69768.66,0.0,32.0,,Hessen
K1401,37,51507.44,0.0,34.0,,Niedersachsen
K1402,46,49160.78,0.0,39.0,,Bayern
K1403,56,70615.55,0.0,15.0,,Brandenburg
K1404,62,75231.18,1.0,44.0,,Baden-Württemberg
K1405,46,68885.02,0.0,59.0,,Nordrhein-Westfalen
K1406,41,40291.76,1.0,40.0,,Thüringen
K1407,56,66000.86,0.0,32.0,,Berlin
K1408,37,39083.36,1.0,33.0,,Baden-Württemberg
K1409,52,63037.62,0.0,42.0,,Baden-Württemberg
K1410,58,74550.62,0.0,32.0,,Niedersachsen
K1411,49,53203.21,0.0,44.0,,Hessen
K1412,45,51056.51,1.0,33.0,,Nordrhein-Westfalen
K1413,46,64231.46,1.0,52.0,,Bayern
K1414,45,66573.49,0.0,52.0,,Nordrhein-Westfalen
K1415,48,62342.15,0.0,32.0,,Niedersachsen
K1416,37,43614.88,1.0,34.0,,Bayern
K1417,67,78307.65,0.0,35.0,,Hamburg
K1418,67,85349.59,0.0,35.0,,Baden-Württemberg
K1419,58,71796.78,1.0,26.0,,Berlin
K1420,70,69099.94,0.0,24.0,,Sachsen
K1421,65,83198.24,1.0,47.0,,Berlin
K1422,55,58431.49,1.0,46.0,,Nordrhein-Westfalen
K1423,60,59341.45,1.0,46.0,,Hessen
K1424,41,34560.06,0.0,34.0,,Baden-Württemberg
K1425,46,53575.61,0.0,54.0,,Hessen
K1426,44,43990.6,1.0,35.0,,Brandenburg
K1427,38,25073.67,0.0,44.0,,Berlin
K1428,68,78362.67,0.0,21.0,,Baden-Württemberg
K1429,41,45176.52,0.0,33.0,,Berlin
K1430,61,71947.51,1.0,33.0,,Baden-Württemberg
K1431,54,59334.77,0.0,34.0,,Baden-Württemberg
K1432,68,98083.37,1.0,22.0,,Berlin
K1433,47,61371.86,1.0,42.0,,Bayern
K1434,44,48650.04,1.0,45.0,,Sachsen
K1435,61,72725.19,1.0,28.0,,Berlin
K1436,35,55240.05,0.0,24.0,,Nordrhein-Westfalen
K1437,64,85476.75,1.0,27.0,,Hamburg
K1438,63,63083.29,0.0,40.0,,Niedersachsen
K1439,67,71626.53,1.0,29.0,,Bayern
K1440,34,34255.88,1.0,34.0,,Sachsen
K1441,47,52745.13,0.0,24.0,,Hamburg
K1442,45,48971.42,0.0,55.0,,Nordrhein-Westfalen
K1443,37,45165.04,1.0,36.0,,Bayern
K1444,54,71635.44,1.0,46.0,,Baden-Württemberg
K1445,61,81435.3,1.0,40.0,,Niedersachsen
K1446,55,63242.91,1.0,35.0,,Baden-Württemberg
K1447,51,46713.49,0.0,34.0,,Berlin
K1448,60,62735.46,0.0,28.0,,Baden-Württemberg
K1449,39,42543.25,1.0,30.0,,Hessen
K1450,41,38375.78,0.0,25.0,,Thüringen
K1451,57,78842.38,0.0,24.0,,Berlin
K1452,35,31856.08,1.0,56.0,,Nordrhein-Westfalen
K1453,49,64640.81,1.0,38.0,,Brandenburg
K1454,34,26142.98,0.0,50.0,,Brandenburg
K1455,52,68557.64,0.0,27.0,,Sachsen
K1456,38,44788.12,1.0,22.0,,Sachsen
K1457,58,83377.64,1.0,25.0,,Nordrhein-Westfalen
K1458,45,44138.66,1.0,31.0,,Bayern
K1459,51,56363.69,0.0,35.0,,Hamburg
K1460,37,41519.4,1.0,33.0,,Bayern
K1461,49,57703.97,1.0,27.0,,Berlin
K1462,43,48849.87,0.0,36.0,,Brandenburg
K1463,68,78649.11,0.0,37.0,,Nordrhein-Westfalen
K1464,66,76131.41,0.0,42.0,,Sachsen
K1465,63,56999.13,1.0,50.0,,Berlin
K1466,40,57367.43,1.0,31.0,,Baden-Württemberg
K1467,69,108569.09,1.0,47.0,,Nordrhein-Westfalen
K1468,62,77172.35,1.0,36.0,,Baden-Württemberg
K1469,60,61876.05,0.0,20.0,,Hessen
K1470,63,66343.41,1.0,53.0,,Baden-Württemberg
K1471,36,49200.62,1.0,58.0,,Berlin
K1472,52,66108.25,1.0,41.0,,Thüringen
K1473,36,41110.88,1.0,36.0,,Baden-Württemberg
K1474,54,71794.84,0.0,32.0,,Berlin
K1475,32,20329.57,1.0,30.0,,Bayern
K1476,67,87205.9,1.0,47.0,,Sachsen
K1477,49,61221.78,1.0,35.0,,Nordrhein-Westfalen
K1478,63,66691.27,1.0,52.0,,Bayern
K1479,59,58008.72,1.0,35.0,,Baden-Württemberg
K1480,46,56617.22,0.0,31.0,,Hessen
K1481,39,59913.35,0.0,29.0,,Bayern
K1482,64,74797.72,0.0,28.0,,Niedersachsen
K1483,49,51392.5,0.0,40.0,,Baden-Württemberg
K1484,47,58432.85,0.0,22.0,,Baden-Württemberg
K1485,56,83787.01,0.0,27.0,,Niedersachsen
K1486,65,81926.5,1.0,48.0,,Bayern
K1487,52,67495.8,1.0,25.0,,Nordrhein-Westfalen
K1488,61,84321.03,1.0,44.0,,Baden-Württemberg
K1489,39,51488.13,0.0,14.0,,Bayern
K1490,40,41373.85,0.0,50.0,,Thüringen
K1491,67,64683.27,0.0,22.0,,Berlin
K1492,35,34180.68,1.0,26.0,,Niedersachsen
K1493,70,74005.81,0.0,42.0,,Baden-Württemberg
K1494,63,81611.75,1.0,38.0,,Hessen
K1495,65,85235.07,1.0,44.0,,Nordrhein-Westfalen
K1496,66,80806.38,1.0,22.0,,Bayern
K1497,46,44087.58,1.0,32.0,,Nordrhein-Westfalen
K1498,69,98883.19,1.0,29.0,,Hessen
K1499,69,79027.08,1.0,24.0,,Berlin
K1500,41,55038.3,1.0,41.0,,Hessen
K1501,50,60708.23,0.0,44.0,,Hessen
K1502,69,84659.69,0.0,32.0,,Baden-Württemberg
K1503,48,63015.2,0.0,50.0,,Berlin
K1504,32,32659.51,1.0,27.0,,Bayern
K1505,47,68475.48,0.0,50.0,,Berlin
K1506,48,43655.93,0.0,41.0,,Nordrhein-Westfalen
K1507,35,33126.92,1.0,23.0,,Brandenburg
K1508,45,65988.52,1.0,55.0,,Sachsen
K1509,37,50176.78,1.0,31.0,,Bayern
K1510,47,79607.67,1.0,47.0,,Berlin
K1511,68,82209.9,0.0,36.0,,Nordrhein-Westfalen
K1512,41,64926.19,0.0,39.0,,Hamburg
K1513,39,30485.19,1.0,44.0,,Hamburg
K1514,36,30932.05,0.0,43.0,,Baden-Württemberg
K1515,30,44635.68,0.0,32.0,,Berlin
K1516,65,62351.09,0.0,40.0,,Bayern
K1517,50,58484.54,1.0,40.0,,Thüringen
K1518,66,89744.99,0.0,37.0,,Bayern
K1519,53,68336.2,1.0,33.0,,Sachsen
K1520,54,65103.66,0.0,37.0,,Niedersachsen
K1521,36,39625.22,1.0,55.0,,Bayern
K1522,46,57346.44,1.0,32.0,,Hamburg
K1523,58,74947.01,0.0,47.0,,Nordrhein-Westfalen
K1524,59,64971.4,1.0,29.0,,Sachsen
K1525,36,47024.3,1.0,26.0,,Baden-Württemberg
K1526,62,84204.71,1.0,68.0,,Bayern
K1527,36,41668.05,0.0,40.0,,Bayern
K1528,53,64432.7,1.0,41.0,,Baden-Württemberg
K1529,40,52774.29,0.0,41.0,,Hessen
K1530,38,51013.22,1.0,49.0,,Nordrhein-Westfalen
K1531,41,57516.9,1.0,39.0,,Berlin
K1532,64,67710.18,1.0,43.0,,Nordrhein-Westfalen
K1533,33,35350.73,1.0,24.0,,Hessen
K1534,65,73604.97,1.0,45.0,,Berlin
K1535,57,60410.82,1.0,33.0,,Baden-Württemberg
K1536,42,34572.63,0.0,42.0,,Niedersachsen
K1537,52,33297.76,0.0,18.0,,Nordrhein-Westfalen
K1538,48,68669.4,1.0,41.0,,Niedersachsen
K1539,66,65216.98,1.0,13.0,,Baden-Württemberg
K1540,68,95714.31,0.0,32.0,,Bayern
K1541,53,70483.68,1.0,18.0,,Baden-Württemberg
K1542,45,50681.69,1.0,41.0,,Hessen
K1543,62,80040.16,0.0,36.0,,Nordrhein-Westfalen
K1544,41,53430.67,0.0,27.0,,Baden-Württemberg
K1545,63,65737.35,0.0,49.0,,Nordrhein-Westfalen
K1546,36,43538.46,1.0,26.0,,Hessen
K1547,40,39581.25,1.0,5.0,,Niedersachsen
K1548,60,78010.02,0.0,40.0,,Thüringen
K1549,58,63296.69,1.0,17.0,,Baden-Württemberg
K1550,42,49912.51,1.0,26.0,,Sachsen
K1551,60,70853.56,1.0,30.0,,Baden-Württemberg
K1552,31,38844.34,1.0,21.0,,Berlin
K1553,68,96580.06,0.0,30.0,,Nordrhein-Westfalen
K1554,44,50981.53,0.0,21.0,,Sachsen
K1555,40,59391.91,0.0,37.0,,Brandenburg
K1556,63,79995.43,1.0,23.0,,Hessen
K1557,68,94379.27,1.0,35.0,,Niedersachsen
K1558,33,37067.78,1.0,47.0,,Nordrhein-Westfalen
K1559,40,54688.48,1.0,43.0,,Baden-Württemberg
K1560,58,69209.45,0.0,34.0,,Nordrhein-Westfalen
K1561,31,10802.03,1.0,25.0,,Brandenburg
K1562,45,44514.71,1.0,37.0,,Berlin
K1563,68,86843.34,1.0,28.0,,Berlin
K1564,42,55437.14,0.0,37.0,,Brandenburg
K1565,66,67550.85,1.0,18.0,,Sachsen
K1566,46,57509.97,1.0,43.0,,Hamburg
K1567,50,64800.0,1.0,35.0,,Thüringen
K1568,48,57581.12,0.0,57.0,,Baden-Württemberg
K1569,36,50243.04,1.0,48.0,,Nordrhein-Westfalen
K1570,67,85750.08,0.0,41.0,,Nordrhein-Westfalen
K1571,37,44541.7,0.0,34.0,,Niedersachsen
K1572,42,46178.96,1.0,28.0,,Hessen
K1573,66,88621.24,0.0,44.0,,Hessen
K1574,31,41923.37,1.0,33.0,,Nordrhein-Westfalen
K1575,70,71511.58,0.0,47.0,,Nordrhein-Westfalen
K1576,40,50404.68,1.0,39.0,,Baden-Württemberg
K1577,53,53443.31,1.0,39.0,,Nordrhein-Westfalen
K1578,35,33793.85,1.0,41.0,,Berlin
K1579,55,60312.34,1.0,26.0,,Bayern
K1580,36,44077.96,0.0,25.0,,Nordrhein-Westfalen
K1581,68,84969.4,1.0,24.0,,Berlin
K1582,48,54207.39,0.0,45.0,,Nordrhein-Westfalen
K1583,35,39196.71,1.0,26.0,,Bayern
K1584,58,65207.45,0.0,27.0,,Baden-Württemberg
K1585,68,91036.08,1.0,40.0,,Brandenburg
K1586,31,12031.99,1.0,32.0,,Baden-Württemberg
K1587,48,55111.17,1.0,31.0,,Nordrhein-Westfalen
K1588,33,54044.93,0.0,30.0,,Bayern
K1589,35,47150.77,1.0,12.0,,Berlin
K1590,66,90643.13,1.0,25.0,,Baden-Württemberg
K1591,57,50221.96,1.0,47.0,,Bayern
K1592,59,59731.07,0.0,30.0,,Nordrhein-Westfalen
K1593,36,48307.1,1.0,16.0,,Baden-Württemberg
K1594,38,60020.88,0.0,25.0,,Niedersachsen
K1595,54,54716.55,1.0,39.0,,Sachsen
K1596,62,70988.45,0.0,38.0,,Niedersachsen
K1597,30,40182.21,0.0,32.0,,Nordrhein-Westfalen
K1598,35,29395.64,1.0,28.0,,Baden-Württemberg
K1599,47,61411.11,1.0,21.0,,Bayern
K1600,39,23109.88,1.0,39.0,,Sachsen
K1601,57,72995.73,1.0,43.0,,Niedersachsen
K1602,40,39443.82,1.0,48.0,,Niedersachsen
K1603,62,70449.09,0.0,24.0,,Niedersachsen
K1604,30,42439.49,1.0,49.0,,Berlin
K1605,42,54815.06,0.0,34.0,,Baden-Württemberg
K1606,66,79151.83,1.0,35.0,,Nordrhein-Westfalen
K1607,49,67813.53,0.0,44.0,,Niedersachsen
K1608,30,21238.03,1.0,30.0,,Berlin
K1609,32,40776.02,1.0,13.0,,Berlin
K1610,47,49585.99,1.0,42.0,,Bayern
K1611,70,92238.95,1.0,38.0,,Bayern
K1612,43,58161.76,1.0,31.0,,Nordrhein-Westfalen
K1613,60,78633.97,0.0,41.0,,Nordrhein-Westfalen
K1614,56,82205.14,0.0,43.0,,Hamburg
K1615,46,65676.47,1.0,20.0,,Baden-Württemberg
K1616,58,68324.7,1.0,35.0,,Bayern
K1617,65,78027.33,1.0,12.0,,Niedersachsen
K1618,66,84640.63,1.0,34.0,,Berlin
K1619,55,67416.14,1.0,31.0,,Nordrhein-Westfalen
K1620,46,61880.0,0.0,40.0,,Sachsen
K1621,51,41344.51,0.0,24.0,,Nordrhein-Westfalen
K1622,54,81957.21,0.0,31.0,,Berlin
K1623,31,38298.53,1.0,3.0,,Nordrhein-Westfalen
K1624,51,46823.72,0.0,41.0,,Bayern
K1625,34,33066.52,0.0,34.0,,Baden-Württemberg
K1626,33,20924.69,1.0,36.0,,Baden-Württemberg
K1627,65,68211.38,1.0,20.0,,Berlin
K1628,35,41206.23,0.0,39.0,,Sachsen
K1629,50,73917.25,1.0,52.0,,Bayern
K1630,42,54485.35,1.0,33.0,,Bayern
K1631,66,81322.78,1.0,42.0,,Thüringen
K1632,54,54771.82,0.0,26.0,,Baden-Württemberg
K1633,55,58756.75,1.0,34.0,,Nordrhein-Westfalen
K1634,68,74860.99,0.0,20.0,,Bayern
K1635,49,52713.56,0.0,43.0,,Baden-Württemberg
K1636,62,71314.98,0.0,37.0,,Sachsen
K1637,43,49480.58,1.0,23.0,,Baden-Württemberg
K1638,65,74982.31,0.0,27.0,,Hessen
K1639,46,49472.26,1.0,36.0,,Bayern
K1640,50,61480.98,1.0,44.0,,Baden-Württemberg
K1641,45,51504.43,1.0,50.0,,Baden-Württemberg
K1642,45,39956.12,1.0,34.0,,Baden-Württemberg
K1643,49,59388.52,0.0,21.0,,Baden-Württemberg
K1644,58,68691.18,1.0,37.0,,Nordrhein-Westfalen
K1645,57,54319.92,1.0,53.0,,Brandenburg
K1646,37,39528.49,1.0,19.0,,Bayern
K1647,53,69200.65,0.0,25.0,,Berlin
K1648,32,28689.47,0.0,41.0,,Sachsen
K1649,54,53806.65,0.0,37.0,,Sachsen
K1650,48,54965.09,1.0,30.0,,Niedersachsen
K1651,62,80098.84,1.0,37.0,,Sachsen
K1652,31,54066.71,0.0,45.0,,Bayern
K1653,44,59093.2,1.0,34.0,,Berlin
K1654,51,71227.26,1.0,33.0,,Hessen
K1655,39,50353.63,0.0,41.0,,Hessen
K1656,47,50532.95,1.0,32.0,,Brandenburg
K1657,51,67323.15,0.0,46.0,,Berlin
K1658,56,66602.0,1.0,55.0,,Thüringen
K1659,42,54182.12,1.0,26.0,,Nordrhein-Westfalen
K1660,62,65956.22,1.0,22.0,,Berlin
K1661,34,45507.99,1.0,39.0,,Nordrhein-Westfalen
K1662,55,65102.4,0.0,22.0,,Bayern
K1663,42,52868.09,0.0,22.0,,Baden-Württemberg
K1664,56,66606.82,1.0,15.0,,Bayern
K1665,43,49469.83,1.0,31.0,,Berlin
K1666,53,68187.64,0.0,35.0,,Baden-Württemberg
K1667,32,35272.93,0.0,30.0,,Nordrhein-Westfalen
K1668,59,56608.27,1.0,49.0,,Bayern
K1669,64,59961.79,1.0,48.0,,Hessen
K1670,43,53630.87,1.0,54.0,,Baden-Württemberg
K1671,41,45567.3,0.0,35.0,,Baden-Württemberg
K1672,57,52972.58,0.0,47.0,,Sachsen
K1673,58,70704.0,1.0,38.0,,Hessen
K1674,46,54677.39,0.0,37.0,,Thüringen
K1675,69,78275.29,1.0,30.0,,Thüringen
K1676,50,62488.35,1.0,12.0,,Berlin
K1677,52,74487.89,1.0,41.0,,Bayern
K1678,49,70657.9,0.0,47.0,,Nordrhein-Westfalen
K1679,40,49709.41,1.0,20.0,,Thüringen
K1680,63,74905.16,1.0,35.0,,Hessen
K1681,39,48650.33,1.0,45.0,,Nordrhein-Westfalen
K1682,39,50013.89,1.0,31.0,,Nordrhein-Westfalen
K1683,35,40070.02,1.0,47.0,,Bayern
K1684,65,79612.09,0.0,34.0,,Hessen
K1685,53,49633.95,1.0,30.0,,Nordrhein-Westfalen
K1686,41,50331.8,0.0,48.0,,Niedersachsen
K1687,52,66931.63,1.0,26.0,,Baden-Württemberg
K1688,56,62958.24,1.0,28.0,,Bayern
K1689,66,78363.18,1.0,26.0,,Baden-Württemberg
K1690,35,32469.35,1.0,24.0,,Bayern
K1691,30,25293.09,1.0,37.0,,Sachsen
K1692,35,44388.75,1.0,30.0,,Baden-Württemberg
K1693,51,54872.34,0.0,40.0,,Bayern
K1694,70,67947.51,0.0,18.0,,Bayern
K1695,53,53797.07,1.0,24.0,,Hessen
K1696,54,56292.71,1.0,36.0,,Hamburg
K1697,44,60135.62,1.0,50.0,,Bayern
K1698,55,67803.2,1.0,39.0,,Baden-Württemberg
K1699,37,37001.86,1.0,29.0,,Bayern
K1700,53,58520.52,0.0,20.0,,Brandenburg
K1701,67,92235.91,1.0,29.0,,Bayern
K1702,35,50926.49,1.0,35.0,,Sachsen
K1703,64,66775.56,1.0,11.0,,Berlin
K1704,30,47051.43,1.0,23.0,,Baden-Württemberg
K1705,65,77311.97,0.0,28.0,,Nordrhein-Westfalen
K1706,41,56806.22,1.0,32.0,,Bayern
K1707,67,78936.72,1.0,34.0,,Niedersachsen
K1708,40,59102.58,0.0,29.0,,Bayern
K1709,41,39145.7,1.0,40.0,,Hessen
K1710,68,79291.16,0.0,36.0,,Nordrhein-Westfalen
K1711,36,54638.64,0.0,31.0,,Sachsen
K1712,40,26846.54,1.0,41.0,,Bayern
K1713,65,77623.56,0.0,41.0,,Bayern
K1714,60,68566.29,1.0,20.0,,Berlin
K1715,62,80655.27,1.0,35.0,,Sachsen
K1716,42,60427.73,1.0,44.0,,Sachsen
K1717,47,63291.36,1.0,46.0,,Baden-Württemberg
K1718,70,86136.19,0.0,39.0,,Baden-Württemberg
K1719,53,64184.29,0.0,33.0,,Brandenburg
K1720,38,42954.3,0.0,39.0,,Baden-Württemberg
K1721,60,74006.41,0.0,43.0,,Bayern
K1722,70,97121.14,1.0,36.0,,Baden-Württemberg
K1723,39,39742.26,1.0,37.0,,Niedersachsen
K1724,31,34124.06,1.0,33.0,,Sachsen
K1725,67,79728.14,1.0,22.0,,Thüringen
K1726,44,62175.96,1.0,33.0,,Berlin
K1727,32,40946.28,0.0,28.0,,Hessen
K1728,60,80978.82,1.0,28.0,,Nordrhein-Westfalen
K1729,35,51809.93,1.0,49.0,,Baden-Württemberg
K1730,32,44270.05,1.0,45.0,,Niedersachsen
K1731,40,38822.67,0.0,18.0,,Berlin
K1732,44,68126.65,0.0,24.0,,Bayern
K1733,57,81289.88,0.0,31.0,,Berlin
K1734,39,47801.25,1.0,29.0,,Baden-Württemberg
K1735,67,67953.51,0.0,38.0,,Niedersachsen
K1736,36,29607.14,1.0,23.0,,Bayern
K1737,44,55445.95,0.0,45.0,,Bayern
K1738,47,50383.0,1.0,35.0,,Baden-Württemberg
K1739,47,41229.84,1.0,32.0,,Nordrhein-Westfalen
K1740,70,69727.41,1.0,35.0,,Brandenburg
K1741,53,59582.22,0.0,31.0,,Hessen
K1742,31,39505.52,1.0,15.0,,Hessen
K1743,69,95449.9,0.0,35.0,,Berlin
K1744,49,63443.37,1.0,32.0,,Baden-Württemberg
K1745,63,72230.76,1.0,25.0,,Nordrhein-Westfalen
K1746,55,69613.53,1.0,46.0,,Baden-Württemberg
K1747,36,46292.65,1.0,42.0,,Baden-Württemberg
K1748,67,87075.04,1.0,59.0,,Niedersachsen
K1749,59,70568.66,1.0,43.0,,Bayern
K1750,34,50643.74,0.0,29.0,,Bayern
K1751,40,55845.12,1.0,26.0,,Berlin
K1752,30,37308.87,0.0,30.0,,Berlin
K1753,63,74594.05,0.0,28.0,,Niedersachsen
K1754,30,44854.02,0.0,36.0,,Hessen
K1755,48,51462.33,1.0,20.0,,Niedersachsen
K1756,31,24167.81,1.0,41.0,,Niedersachsen
K1757,50,46631.76,1.0,36.0,,Bayern
K1758,49,51900.08,0.0,40.0,,Bayern
K1759,52,68579.74,0.0,24.0,,Berlin
K1760,50,56452.5,1.0,37.0,,Bayern
K1761,53,65662.15,1.0,48.0,,Thüringen
K1762,33,35653.84,0.0,26.0,,Nordrhein-Westfalen
K1763,41,45205.48,1.0,26.0,,Baden-Württemberg
K1764,51,52205.09,0.0,42.0,,Baden-Württemberg
K1765,49,58250.25,1.0,25.0,,Baden-Württemberg
K1766,47,55129.66,0.0,33.0,,Bayern
K1767,30,40283.17,1.0,50.0,,Baden-Württemberg
K1768,59,73522.01,1.0,26.0,,Hamburg
K1769,62,72706.65,0.0,50.0,,Nordrhein-Westfalen
K1770,53,50242.76,0.0,32.0,,Nordrhein-Westfalen
K1771,43,61618.75,1.0,24.0,,Bayern
K1772,65,77272.17,1.0,41.0,,Berlin
K1773,34,42021.35,0.0,36.0,,Brandenburg
K1774,40,62840.37,0.0,35.0,,Nordrhein-Westfalen
K1775,53,72005.36,0.0,27.0,,Nordrhein-Westfalen
K1776,60,76138.01,0.0,36.0,,Sachsen
K1777,42,50762.75,1.0,14.0,,Brandenburg
K1778,45,54233.59,1.0,37.0,,Niedersachsen
K1779,53,65983.03,0.0,48.0,,Baden-Württemberg
K1780,42,54451.39,0.0,17.0,,Hessen
K1781,53,79245.22,1.0,31.0,,Bayern
K1782,55,88482.68,1.0,26.0,,Berlin
K1783,31,40364.83,0.0,20.0,,Niedersachsen
K1784,45,34928.93,1.0,14.0,,Bayern
K1785,67,71829.76,1.0,23.0,,Baden-Württemberg
K1786,30,52892.24,1.0,33.0,,Baden-Württemberg
K1787,40,54891.45,0.0,46.0,,Baden-Württemberg
K1788,64,80694.14,0.0,20.0,,Baden-Württemberg
K1789,58,68239.82,1.0,38.0,,Baden-Württemberg
K1790,66,68505.93,0.0,37.0,,Bayern
K1791,46,70647.17,0.0,52.0,,Bayern
K1792,68,74173.37,1.0,41.0,,Thüringen
K1793,57,75132.7,0.0,41.0,,Bayern
K1794,58,58019.17,1.0,42.0,,Baden-Württemberg
K1795,32,36992.28,1.0,26.0,,Hamburg
K1796,39,56179.02,1.0,29.0,,Nordrhein-Westfalen
K1797,43,49717.8,1.0,46.0,,Niedersachsen
K1798,41,46277.31,1.0,14.0,,Bayern
K1799,59,71024.58,0.0,28.0,,Hessen
K1800,61,61255.99,0.0,22.0,,Niedersachsen
K1801,61,59560.06,0.0,37.0,,Nordrhein-Westfalen
K1802,61,79736.85,1.0,31.0,,Niedersachsen
K1803,55,62382.86,1.0,41.0,,Nordrhein-Westfalen
K1804,30,42931.67,1.0,34.0,,Nordrhein-Westfalen
K1805,31,47827.72,1.0,20.0,,Hessen
K1806,46,66328.14,1.0,20.0,,Berlin
K1807,59,56316.93,0.0,35.0,,Niedersachsen
K1808,68,75303.56,0.0,27.0,,Nordrhein-Westfalen
K1809,36,48519.27,1.0,30.0,,Baden-Württemberg
K1810,56,72358.43,1.0,44.0,,Thüringen
K1811,38,66319.92,0.0,43.0,,Baden-Württemberg
K1812,51,53267.39,1.0,53.0,,Berlin
K1813,63,86198.61,0.0,32.0,,Nordrhein-Westfalen
K1814,30,39919.1,0.0,29.0,,Bayern
K1815,38,31258.41,0.0,39.0,,Berlin
K1816,49,54140.6,1.0,29.0,,Baden-Württemberg
K1817,48,60260.02,0.0,30.0,,Berlin
K1818,65,62675.6,1.0,33.0,,Baden-Württemberg
K1819,69,64084.61,0.0,52.0,,Bayern
K1820,33,24242.6,1.0,42.0,,Berlin
K1821,38,48379.32,1.0,43.0,,Thüringen
K1822,70,79595.02,1.0,51.0,,Thüringen
K1823,51,55860.34,1.0,44.0,,Baden-Württemberg
K1824,47,51429.79,0.0,24.0,,Nordrhein-Westfalen
K1825,41,36761.48,0.0,44.0,,Baden-Württemberg
K1826,68,77479.77,0.0,45.0,,Baden-Württemberg
K1827,38,29634.42,1.0,42.0,,Baden-Württemberg
K1828,35,53193.86,0.0,33.0,,Thüringen
K1829,48,73148.25,1.0,40.0,,Sachsen
K1830,36,22706.33,0.0,35.0,,Baden-Württemberg
K1831,45,50109.83,0.0,25.0,,Baden-Württemberg
K1832,34,37661.69,1.0,28.0,,Bayern
K1833,45,52765.76,0.0,42.0,,Hamburg
K1834,30,45591.21,1.0,26.0,,Hessen
K1835,66,75021.35,1.0,27.0,,Bayern
K1836,68,80798.29,1.0,43.0,,Nordrhein-Westfalen
K1837,48,84746.79,1.0,36.0,,Bayern
K1838,66,78220.58,0.0,41.0,,Sachsen
K1839,46,71444.46,1.0,23.0,,Niedersachsen
K1840,55,70713.58,1.0,40.0,,Berlin
K1841,51,56457.49,0.0,28.0,,Nordrhein-Westfalen
K1842,37,38361.79,0.0,25.0,,Nordrhein-Westfalen
K1843,62,74418.18,0.0,30.0,,Bayern
K1844,31,27594.39,0.0,49.0,,Bayern
K1845,59,63141.81,0.0,31.0,,Sachsen
K1846,49,55265.13,1.0,57.0,,Baden-Württemberg
K1847,47,59352.78,1.0,14.0,,Baden-Württemberg
K1848,39,63688.04,1.0,20.0,,Berlin
K1849,53,59447.26,1.0,48.0,,Nordrhein-Westfalen
K1850,33,44278.57,0.0,51.0,,Nordrhein-Westfalen
K1851,66,64549.9,1.0,26.0,,Sachsen
K1852,33,49675.88,0.0,36.0,,Hamburg
K1853,42,35264.29,1.0,42.0,,Baden-Württemberg
K1854,54,72200.31,1.0,33.0,,Hessen
K1855,42,50054.07,1.0,36.0,,Nordrhein-Westfalen
K1856,47,55621.02,0.0,35.0,,Baden-Württemberg
K1857,53,61112.06,0.0,20.0,,Baden-Württemberg
K1858,31,26018.93,0.0,32.0,,Baden-Württemberg
K1859,62,63231.82,1.0,35.0,,Hessen
K1860,48,65433.98,0.0,36.0,,Sachsen
K1861,38,46151.09,1.0,18.0,,Niedersachsen
K1862,57,65786.37,1.0,43.0,,Thüringen
K1863,64,80850.54,0.0,36.0,,Baden-Württemberg
K1864,68,82507.0,1.0,24.0,,Sachsen
K1865,39,40081.02,0.0,53.0,,Nordrhein-Westfalen
K1866,30,58746.83,1.0,32.0,,Bayern
K1867,50,66940.79,0.0,32.0,,Thüringen
K1868,38,47188.89,0.0,41.0,,Bayern
K1869,44,48523.86,1.0,54.0,,Sachsen
K1870,64,85441.93,0.0,42.0,,Sachsen
K1871,34,34204.32,1.0,43.0,,Nordrhein-Westfalen
K1872,70,76105.63,0.0,25.0,,Hessen
K1873,51,76712.26,1.0,36.0,,Baden-Württemberg
K1874,70,84240.32,1.0,30.0,,Hamburg
K1875,52,55752.8,1.0,42.0,,Bayern
K1876,36,43724.72,1.0,43.0,,Nordrhein-Westfalen
K1877,52,70297.21,0.0,51.0,,Nordrhein-Westfalen
K1878,54,70603.64,1.0,13.0,,Sachsen
K1879,56,76155.67,1.0,29.0,,Baden-Württemberg
K1880,70,72700.32,1.0,48.0,,Nordrhein-Westfalen
K1881,35,51044.09,1.0,21.0,,Sachsen
K1882,63,74054.71,0.0,43.0,,Nordrhein-Westfalen
K1883,38,46846.65,0.0,46.0,,Baden-Württemberg
K1884,62,85386.12,1.0,35.0,,Baden-Württemberg
K1885,35,48822.83,0.0,21.0,,Baden-Württemberg
K1886,66,82388.16,0.0,34.0,,Hessen
K1887,60,54229.97,1.0,50.0,,Hessen
K1888,63,75258.59,0.0,50.0,,Thüringen
K1889,70,76890.75,1.0,37.0,,Berlin
K1890,58,76153.05,0.0,25.0,,Bayern
K1891,43,60901.04,0.0,52.0,,Hessen
K1892,65,75316.25,1.0,43.0,,Nordrhein-Westfalen
K1893,65,72026.05,0.0,26.0,,Sachsen
K1894,44,67182.05,0.0,38.0,,Nordrhein-Westfalen
K1895,37,39421.71,1.0,38.0,,Berlin
K1896,55,55421.1,0.0,29.0,,Niedersachsen
K1897,65,70533.06,1.0,38.0,,Nordrhein-Westfalen
K1898,50,55260.85,0.0,46.0,,Brandenburg
K1899,57,60794.36,0.0,32.0,,Bayern
K1900,33,47738.8,1.0,47.0,,Baden-Württemberg
K1901,45,34526.57,1.0,17.0,,Baden-Württemberg
K1902,51,53493.22,0.0,57.0,,Niedersachsen
K1903,41,49170.38,1.0,36.0,,Baden-Württemberg
K1904,45,56233.72,1.0,46.0,,Bayern
K1905,69,98029.0,1.0,37.0,,Bayern
K1906,67,94337.55,1.0,27.0,,Hessen
K1907,66,64794.73,1.0,35.0,,Berlin
K1908,58,52544.55,1.0,16.0,,Niedersachsen
K1909,47,56933.67,1.0,42.0,,Baden-Württemberg
K1910,39,41160.41,0.0,37.0,,Baden-Württemberg
K1911,68,70848.87,1.0,33.0,,Brandenburg
K1912,47,56853.9,1.0,43.0,,Bayern
K1913,30,38642.92,1.0,35.0,,Bayern
K1914,68,74031.33,0.0,41.0,,Baden-Württemberg
K1915,50,54638.11,1.0,45.0,,Sachsen
K1916,30,29694.37,1.0,30.0,,Niedersachsen
K1917,44,49444.37,1.0,27.0,,Baden-Württemberg
K1918,33,44999.02,0.0,18.0,,Baden-Württemberg
K1919,49,49362.36,0.0,36.0,,Thüringen
K1920,39,41453.37,0.0,40.0,,Niedersachsen
K1921,52,59034.5,0.0,22.0,,Berlin
K1922,70,83902.95,0.0,49.0,,Niedersachsen
K1923,63,78156.47,1.0,27.0,,Nordrhein-Westfalen
K1924,62,92892.64,0.0,14.0,,Nordrhein-Westfalen
K1925,63,80825.88,1.0,50.0,,Berlin
K1926,68,86965.52,0.0,15.0,,Berlin
K1927,39,44825.25,0.0,45.0,,Baden-Württemberg
K1928,49,50246.09,1.0,42.0,,Sachsen
K1929,30,31802.09,1.0,38.0,,Hessen
K1930,42,44380.59,1.0,30.0,,Bayern
K1931,30,40098.98,0.0,40.0,,Sachsen
K1932,34,26418.8,0.0,45.0,,Sachsen
K1933,45,59679.66,0.0,25.0,,Thüringen
K1934,44,52096.75,1.0,45.0,,Nordrhein-Westfalen
K1935,57,75169.08,0.0,44.0,,Thüringen
K1936,60,65588.4,0.0,38.0,,Bayern
K1937,52,54508.69,0.0,30.0,,Nordrhein-Westfalen
K1938,46,51857.86,1.0,44.0,,Nordrhein-Westfalen
K1939,63,71786.87,1.0,40.0,,Bayern
K1940,42,58051.96,0.0,25.0,,Baden-Württemberg
K1941,43,59150.94,0.0,31.0,,Thüringen
K1942,40,65585.39,0.0,43.0,,Bayern
K1943,57,64092.32,1.0,36.0,,Nordrhein-Westfalen
K1944,61,43123.9,1.0,46.0,,Baden-Württemberg
K1945,64,73163.22,0.0,32.0,,Baden-Württemberg
K1946,60,74192.86,1.0,25.0,,Berlin
K1947,46,61964.35,0.0,57.0,,Bayern
K1948,38,48780.18,1.0,18.0,,Niedersachsen
K1949,39,42755.06,1.0,30.0,,Hessen
K1950,37,60309.96,0.0,38.0,,Baden-Württemberg
K1951,50,50945.52,0.0,45.0,,Baden-Württemberg
K1952,42,48307.88,1.0,41.0,,Berlin
K1953,34,31569.14,1.0,58.0,,Baden-Württemberg
K1954,35,42664.93,0.0,34.0,,Nordrhein-Westfalen
K1955,59,85252.0,1.0,26.0,,Berlin
K1956,60,70843.41,0.0,33.0,,Baden-Württemberg
K1957,46,54308.49,1.0,32.0,,Brandenburg
K1958,40,33126.11,0.0,34.0,,Baden-Württemberg
K1959,49,56491.65,0.0,25.0,,Baden-Württemberg
K1960,38,56413.98,0.0,43.0,,Bayern
K1961,31,35492.79,1.0,39.0,,Nordrhein-Westfalen
K1962,66,76359.21,0.0,22.0,,Sachsen
K1963,30,46530.32,1.0,45.0,,Nordrhein-Westfalen
K1964,33,37291.98,1.0,27.0,,Bayern
K1965,65,89685.33,0.0,23.0,,Bayern
K1966,54,53423.91,0.0,36.0,,Hamburg
K1967,32,45043.61,0.0,17.0,,Nordrhein-Westfalen
K1968,38,60883.5,1.0,41.0,,Thüringen
K1969,51,70533.44,1.0,7.0,,Baden-Württemberg
K1970,52,45802.03,1.0,25.0,,Baden-Württemberg
K1971,41,43844.86,0.0,51.0,,Niedersachsen
K1972,39,45047.55,0.0,28.0,,Nordrhein-Westfalen
K1973,63,84772.48,1.0,30.0,,Nordrhein-Westfalen
K1974,39,35225.3,0.0,48.0,,Niedersachsen
K1975,59,61744.01,1.0,27.0,,Thüringen
K1976,51,46979.79,1.0,43.0,,Hamburg
K1977,35,35044.7,1.0,47.0,,Sachsen
K1978,31,26466.44,1.0,40.0,,Thüringen
K1979,59,85332.23,1.0,21.0,,Nordrhein-Westfalen
K1980,31,31912.96,0.0,29.0,,Bayern
K1981,61,79526.72,1.0,62.0,,Baden-Württemberg
K1982,45,54500.54,0.0,30.0,,Hamburg
K1983,41,49634.23,1.0,65.0,,Berlin
K1984,30,31232.14,0.0,52.0,,Nordrhein-Westfalen
K1985,37,51799.46,0.0,40.0,,Baden-Württemberg
K1986,42,52174.79,0.0,38.0,,Bayern
K1987,44,54025.6,1.0,30.0,,Nordrhein-Westfalen
K1988,37,39509.39,0.0,34.0,,Baden-Württemberg
K1989,39,43354.5,0.0,28.0,,Bayern
K1990,34,46611.9,1.0,34.0,,Berlin
K1991,48,59967.31,1.0,21.0,,Hessen
K1992,67,81521.76,1.0,21.0,,Baden-Württemberg
K1993,40,41616.57,0.0,48.0,,Nordrhein-Westfalen
K1994,49,76602.79,1.0,19.0,,Berlin
K1995,49,54754.53,1.0,44.0,,Berlin
